atten_LIV_lambda_1,atten_LIV_lambda_2,atten_LIV_lambda_3,atten_LIV_lambda_4,energy
0.9655104533853539,0.9655104533812929,0.9655104533778941,0.9655104533768788,100000000000.0
0.964682135077496,0.9646821350732243,0.9646821350696491,0.9646821350685811,100763752923.86931
0.9638364507200192,0.9638364507155299,0.9638364507117725,0.9638364507106502,101533339033.02539
0.9629758756995747,0.962975875694855,0.9629758756909048,0.9629758756897249,102308802878.59225
0.9620973270058794,0.9620973270009174,0.9620973269967645,0.9620973269955241,103090189351.95276
0.9612035791365002,0.9612035791312807,0.9612035791269122,0.9612035791256074,103877543687.35071
0.9602901170202971,0.9602901170148058,0.9602901170102099,0.9602901170088372,104670911464.50603
0.9593592422505517,0.9593592422447864,0.9593592422399612,0.9593592422385199,105470338611.25685
0.9584152219007973,0.9584152218947436,0.958415221889677,0.9584152218881635,106275871406.21475
0.9574536537779752,0.9574536537716143,0.9574536537662904,0.9574536537647003,107087556481.4473
0.9564745682200977,0.9564745682134158,0.9564745682078234,0.956474568206153,107905440825.17455
0.9554775282482753,0.9554775282412532,0.9554775282353761,0.9554775282336205,108729571784.49043
0.9544626172203841,0.9544626172130073,0.9544626172068331,0.9544626172049889,109559997068.10506
0.9534298636183245,0.9534298636105857,0.9534298636041086,0.953429863602174,110396764749.10338
0.9523796223346992,0.9523796223265709,0.9523796223197678,0.9523796223177357,111239923267.73178
0.9513123672023676,0.951312367193837,0.9513123671866974,0.9513123671845648,112089521434.1986
0.9502270661334259,0.9502270661244726,0.9502270661169792,0.950227066114741,112945608431.5034
0.9491229371610992,0.949122937151704,0.9491229371438407,0.9491229371414919,113808233818.28052
0.9480012342904162,0.9480012342805579,0.948001234272307,0.9480012342698424,114677447531.67165
0.9468601595760651,0.9468601595657182,0.9468601595570585,0.9468601595544718,115553299890.21301
0.9457006010114649,0.9457006010006171,0.9457006009915381,0.9457006009888261,116435841596.75198
0.9445226776259885,0.9445226776146161,0.9445226776050978,0.9445226776022547,117325123741.379
0.9433242760632881,0.9433242760513597,0.9433242760413763,0.9433242760383941,118221197804.38658
0.9421071699833948,0.9421071699708853,0.9421071699604152,0.9421071699572878,119124115659.2509
0.9408710498176596,0.9408710498045492,0.9408710497935764,0.9408710497902988,120033929575.6314
0.939612595590249,0.9396125955764948,0.9396125955649831,0.9396125955615446,120950692222.4005
0.9383360569548929,0.93833605694048,0.938336056928417,0.9383360569248138,121874456670.68875
0.9370407364128828,0.9370407363977832,0.9370407363851455,0.9370407363813706,122805276396.96097
0.9357267764592085,0.9357267764433922,0.9357267764301546,0.9357267764262005,123743205286.10803
0.9343922158950073,0.9343922158784334,0.9343922158645617,0.9343922158604182,124688297634.57028
0.9330369628653469,0.9330369628479664,0.9330369628334196,0.9330369628290746,125640608153.47717
0.9316603049047307,0.9316603048865238,0.9316603048712856,0.9316603048667339,126600191971.81601
0.9302615622879187,0.9302615622688629,0.930261562252914,0.9302615622481502,127567104639.62491
0.9288416191886861,0.9288416191687388,0.9288416191520437,0.9288416191470569,128541402131.20494
0.9274018740055692,0.9274018739846718,0.9274018739671814,0.9274018739619571,129523140848.36462
0.9259423460954636,0.9259423460735953,0.9259423460552925,0.9259423460498253,130512377623.68083
0.924461582071914,0.9244615820490141,0.9244615820298479,0.9244615820241229,131509169723.79305
0.9229598339321542,0.9229598339081914,0.9229598338881354,0.9229598338821448,132513574852.71422
0.9214369070096913,0.921436906984615,0.9214369069636273,0.9214369069573582,133525651155.17557
0.919893292644964,0.9198932926187333,0.9198932925967793,0.9198932925902217,134545457219.98819
0.9183289743790468,0.9183289743516003,0.9183289743286287,0.9183289743217671,135573052083.43918
0.9167429152980193,0.9167429152692943,0.9167429152452528,0.9167429152380715,136608495232.7053
0.9151354351213612,0.9151354350913269,0.9151354350661893,0.9151354350586808,137651846609.2984
0.9135071368281446,0.9135071367967443,0.9135071367704637,0.9135071367626136,138703166612.537
0.9118571203881622,0.9118571203553388,0.9118571203278671,0.9118571203196613,139762516103.039
0.9101870685873424,0.9101870685530322,0.910187068524316,0.9101870685157384,140829956406.24927
0.9084973830291333,0.9084973829932509,0.9084973829632189,0.9084973829542483,141905549315.9853
0.9067874440781074,0.9067874440406072,0.9067874440092212,0.9067874439998461,142989357098.01892
0.9050552479747127,0.905055247935532,0.9050552479027396,0.9050552478929446,144081442493.67636
0.9033014672923371,0.9033014672513832,0.9033014672171066,0.9033014672068681,145181868723.47488
0.901526692289893,0.9015266922471367,0.9015266922113514,0.9015266922006624,146290699490.77853
0.8997302900717024,0.8997302900270283,0.8997302899896381,0.8997302899784696,147407998985.4876
0.8979120841502287,0.8979120841035757,0.8979120840645292,0.8979120840528659,148533831887.7565
0.8960726617422398,0.896072661693532,0.8960726616527657,0.8960726616405887,149668263371.73376
0.8942127077317299,0.8942127076808724,0.8942127076383067,0.8942127076255922,150811359109.33978
0.8923321761769116,0.8923321761237789,0.892332176079309,0.8923321760660259,151963185274.06378
0.8904297274722456,0.8904297274168143,0.8904297273704206,0.8904297273565627,153123808544.79938
0.888505681859146,0.888505681801306,0.8885056817528963,0.8885056817384364,154293296109.69968
0.886560089704704,0.8865600896443112,0.8865600895937651,0.8865600895786669,155471715670.07184
0.8845933609813919,0.8845933609183849,0.8845933608656508,0.884593360849899,156659135444.29114
0.8826050338767993,0.8826050338110749,0.8826050337560665,0.8826050337396353,157855624171.7553
0.8805962712423182,0.8805962711737629,0.8805962711163853,0.8805962710992464,159061251116.85922
0.878565791257796,0.8785657911862914,0.8785657911264452,0.878565791108569,160276086073.00668
0.8765156781786608,0.8765156781040807,0.8765156780416604,0.8765156780230153,161500199366.65256
0.8744456595517223,0.8744456594739514,0.8744456594088604,0.8744456593894177,162733661861.36945
0.872354983286663,0.8723549832055689,0.8723549831376967,0.8723549831174231,163976544961.95526
0.8702433232019368,0.8702433231174193,0.8702433230466818,0.8702433230255524,165228920618.56137
0.8681105805629531,0.8681105804748671,0.868110580401143,0.8681105803791215,166490861330.86334
0.8659576472226388,0.8659576471308188,0.8659576470539695,0.8659576470310145,167762440152.25232
0.8637842124783404,0.8637842123826983,0.86378421230265,0.8637842122787396,169043730694.06964
0.8615911144112323,0.8615911143115547,0.8615911142281288,0.8615911142032094,170334807129.86334
0.8593776614943165,0.8593776613904343,0.8593776613034894,0.8593776612775188,171635744199.6841
0.8571428982828747,0.8571428981747156,0.8571428980841911,0.8571428980571514,172946617214.41403
0.8548892394356212,0.8548892393229894,0.8548892392287215,0.8548892392005636,174267502060.1215
0.8526171616602962,0.8526171615429665,0.8526171614447666,0.8526171614154342,175598475202.45966
0.850326671977108,0.8503266718550132,0.8503266717528253,0.8503266717223016,176939613691.08765
0.8480176246414224,0.8480176245142492,0.8480176244078107,0.8480176243760175,178290995164.13638
0.8456887427723628,0.8456887426399888,0.8456887425291977,0.8456887424961042,179652697852.69742
0.8433401018720373,0.84334010173426,0.8433401016189465,0.8433401015845021,181024800585.35748
0.8409728904757384,0.8409728903323864,0.8409728902124071,0.8409728901765691,182407382792.7567
0.838588585717119,0.8385885855680199,0.8385885854432304,0.8385885854059556,183800524512.18912
0.836185689261311,0.8361856891061146,0.8361856889762219,0.8361856889374228,185204306392.2381
0.8337647756097172,0.8337647754482348,0.8337647753130812,0.8337647752727106,186618809697.4399
0.8313254539279846,0.831325453759922,0.8313254536192608,0.8313254535772451,188044116312.9942
0.8288682538867391,0.8288682537120362,0.8288682535658175,0.8288682535221418,189480308749.49814
0.8263949329343986,0.8263949327527963,0.8263949326008031,0.8263949325554026,190927470147.729
0.823904066970053,0.8239040667813136,0.8239040666233468,0.8239040665761619,192385684283.4512
0.8213978315309303,0.82139783133471,0.8213978311704822,0.8213978311214271,193855035572.27203
0.818874349179853,0.8188743489758067,0.8188743488050287,0.8188743487540171,195335609074.52234
0.8163346439873469,0.816334643775371,0.8163346435979565,0.8163346435449624,196827490500.18692
0.8137796659785052,0.8137796657580664,0.8137796655735686,0.8137796655184589,198330766213.8607
0.8112077312683529,0.8112077310392423,0.8112077308474867,0.811207730790209,199845523239.7506
0.8086223451464023,0.8086223449083589,0.808622344709127,0.8086223446496161,201371849266.71613
0.8060190630752312,0.8060190628279265,0.8060190626209431,0.806019062559117,202909832653.33954
0.8034026524243525,0.8034026521675963,0.8034026519527026,0.8034026518885136,204459562433.04773
0.8007731973903137,0.8007731971238259,0.8007731969007872,0.8007731968341653,206021128319.25967
0.7981324133642066,0.7981324130874985,0.7981324128559059,0.7981324127867288,207594620710.58655
0.7954751115206629,0.7954751112333096,0.7954751109928073,0.795475110920969,209180130696.0582
0.792802926100216,0.792802925801739,0.7928029255519267,0.7928029254773074,210777750060.40298
0.7901169056035589,0.7901169052937369,0.7901169050344294,0.790116904956974,212387571289.35437
0.7874186343205143,0.7874186339990238,0.7874186337299502,0.7874186336495775,214009687575.0118
0.7847088991863701,0.7847088988527247,0.784708898573478,0.7847088984900666,215644192821.22955
0.7819870858297295,0.7819870854835841,0.7819870851938755,0.7819870851073392,217291181649.05515
0.7792527715671197,0.7792527712078325,0.7792527709071249,0.7792527708173032,218950749402.21
0.7765061781684348,0.7765061777957897,0.7765061774839019,0.7765061773907407,220622992152.6022
0.7737489262043059,0.7737489258177904,0.7737489254942937,0.7737489253976649,222308006705.89566
0.7709817163327721,0.7709817159320613,0.7709817155966837,0.770981715496506,224005890607.1066
0.7682023627018318,0.7682023622862815,0.7682023619384839,0.7682023618345963,225716742146.25784
0.7654131771744838,0.7654131767435791,0.7654131763829306,0.7654131762752044,227440660364.06152
0.7626128101246932,0.7626128096779643,0.7626128093040716,0.7626128091923894,229177745057.6597
0.7598014262046842,0.7598014257415342,0.7598014253538978,0.7598014252381103,230928096786.3953
0.7569833059810485,0.7569833055010445,0.7569833050993021,0.7569833049793012,232691816877.6362
0.7541574354341343,0.7541574349366991,0.7541574345203674,0.7541574343960087,234469007432.64374
0.7513195973718768,0.7513195968562871,0.751319596424761,0.7513195962958635,236259771332.47693
0.7484732505941125,0.7484732500595814,0.748473249612202,0.7484732494785692,238064212243.95566
0.7456186704528722,0.7456186698993307,0.7456186694360405,0.7456186692976552,239882434625.65433
0.7427588626065801,0.7427588620330604,0.7427588615530495,0.7427588614096695,241714543733.95663
0.7398907955209888,0.7398907949269405,0.7398907944297481,0.7398907942812362,243560645629.14108
0.7370154645157113,0.7370154639002207,0.737015463385082,0.7370154632312094,245420847181.5286
0.7341325567194029,0.7341325560819932,0.7341325555485089,0.7341325553891564,247295256077.66235
0.7312435422128603,0.7312435415529849,0.7312435410006979,0.731243540835729,249183980826.54456
0.728350528494162,0.7283505278108948,0.7283505272390299,0.728350527068213,251087130765.92123
0.7254510074468444,0.7254510067396438,0.7254510061477477,0.7254510059709475,253004816068.60446
0.7225471845107245,0.7225471837787216,0.722547183166067,0.7225471829830662,254937147748.85858
0.71963789683798,0.7196378960802329,0.7196378954460316,0.7196378952565948,256884237668.81845
0.7167238275905836,0.7167238268063573,0.7167238261499937,0.7167238259539372,258846198544.97345
0.7138065269438719,0.7138065261324945,0.7138065254534068,0.7138065252505624,260823143954.68414
0.7108868065735211,0.7108868057340252,0.7108868050314036,0.7108868048215294,262815188342.7659
0.7079639270013866,0.707963926132953,0.7079639254061117,0.7079639251890034,264822447028.10532
0.7050385326314547,0.7050385317330315,0.7050385309810905,0.7050385307564847,266845036210.34473
0.7021104817223401,0.7021104807931463,0.7021104800154515,0.7021104797831531,268883072976.60132
0.6991807456519661,0.6991807446908969,0.6991807438865237,0.6991807436462564,270936675308.24866
0.6962498627147492,0.6962498617209361,0.6962498608891576,0.6962498606407043,273005962087.7497
0.6933169232350836,0.6933169222071737,0.6933169213468576,0.6933169210898802,275091053105.5313
0.6903825159847451,0.6903825149220051,0.6903825140325378,0.6903825137668528,277192069066.9277
0.6874461796084933,0.6874461785096984,0.6874461775900547,0.687446177315356,279309131599.159
0.6845096519328842,0.6845096507973355,0.6845096498469307,0.6845096495630435,281442363258.38153
0.6815738068226794,0.6815738056485706,0.6815738046658927,0.6815738043723655,283591887536.77313
0.6786382873028556,0.6786382860894405,0.678638285073865,0.6786382847705112,285757828869.6914
0.675704914640725,0.6757049133871118,0.675704912337892,0.6757049120244887,287940312642.8691
0.6727725988600594,0.6727725975644259,0.672772596480037,0.6727725961561285,290139465199.6763
0.6698408063612735,0.6698408050226898,0.6698408039023536,0.6698408035677076,292355413848.43756
0.6669109189221705,0.6669109175388428,0.6669109163810575,0.6669109160352256,294588286869.794
0.6639811205785248,0.6639811191495449,0.663981117953551,0.6639811175963061,296838213524.13855
0.6610531144230164,0.6610531129468384,0.6610531117113417,0.6610531113422972,299105324059.08936
0.6581273470968547,0.6581273455726261,0.658127344296913,0.6581273439158558,301389749717.03937
0.655204754290603,0.6552047527166861,0.655204751399386,0.6552047510059068,303691622742.74445
0.6522864570640498,0.6522864554393359,0.6522864540795211,0.6522864536733426,306011076390.9883
0.6493733606374815,0.6493733589595859,0.6493733575552602,0.6493733571357863,308348244934.2871
0.6464620060969933,0.6464620043641688,0.6464620029138702,0.6464620024806641,310703263670.6724
0.6435539841676795,0.6435539823790999,0.6435539808821364,0.6435539804349915,313076268931.5145
0.6406513589375207,0.6406513570912566,0.6406513555460139,0.640651355084448,315467398089.41864
0.6377538616692148,0.6377538597634002,0.6377538581683162,0.6377538576918627,317876789566.18097
0.6348607951926097,0.6348607932254383,0.6348607915790015,0.6348607910872087,320304582840.7933
0.6319724163215336,0.6319724142914066,0.6319724125922787,0.6319724120847469,322750918457.5272
0.6290906908291362,0.6290906887342204,0.6290906869808669,0.629090686457138,325215938034.0603
0.6262168035625734,0.6262168014013296,0.6262167995924627,0.6262167990521517,327699784269.6844
0.6233504270865594,0.623350424856557,0.6233504229901419,0.6233504224326413,330202600953.55615
0.6204912016720033,0.6204911993712294,0.6204911974455817,0.6204911968703882,332724532973.03143
0.6176384396518421,0.6176384372786113,0.6176384352923204,0.6176384346990128,335265726322.04346
0.6147916348460142,0.6147916323980266,0.6147916303491674,0.6147916297371705,337826328109.55835
0.6119517517973885,0.611951749272562,0.6119517471593923,0.6119517465281856,340406486568.09546
0.6091198218360189,0.6091198192321465,0.6091198170528187,0.6091198164018506,343006351062.29865
0.6062976408701715,0.6062976381848327,0.6062976359373209,0.6062976352659862,345626072097.59436
0.6034854736462582,0.6034854708772118,0.6034854685596407,0.6034854678673791,348265801328.89294
0.600681025516313,0.6006810226605502,0.6006810202704009,0.6006810195564602,350925691569.3792
0.5978844857689959,0.5978844828252861,0.5978844803615289,0.5978844796256014,353605896799.34753
0.5950975650046306,0.5950975619698518,0.5950975594298736,0.5950975586711789,356306572175.1268
0.5923212482959012,0.5923212451680434,0.5923212425501624,0.5923212417681979,359027874038.0514
0.5895550097204137,0.589555006496158,0.5895550037975961,0.5895550029915322,361769959923.52277
0.5867988567336885,0.5867988534095764,0.586798850627439,0.586798849796411,364532988570.1195
0.5840519902692717,0.5840519868437719,0.5840519839767777,0.5840519831204027,367317119928.79047
0.5813150515996146,0.5813150480689551,0.5813150451139467,0.5813150442312819,370122515172.11914
0.5785892669114008,0.5785892632734213,0.5785892602285907,0.5785892593190958,372949336703.64325
0.5758747187519642,0.5758747150027137,0.5758747118647541,0.5758747109274416,375797748167.2685
0.5731719088047927,0.5731719049415805,0.5731719017082395,0.5731719007424365,378667914456.7295
0.5704798555329866,0.5704798515529491,0.5704798482218307,0.5704798472268214,381560001725.1477
0.5677987844818411,0.5677987803812603,0.5677987769492523,0.567798775924107,384474177394.6377
0.5651302787672966,0.5651302745439055,0.5651302710091106,0.5651302699532628,387410610166.0117
0.5624740620037432,0.5624740576532599,0.5624740540120945,0.5624740529244736,390369470028.53455
0.5598305551811217,0.5598305506999725,0.5598305469494453,0.559830545829158,393350928269.769
0.5571976993711152,0.5571976947554568,0.5571976908923513,0.5571976897384365,396355157485.4964
0.5545771467315656,0.5545771419770064,0.5545771379976471,0.5545771368090071,399382331589.697
0.5519682427667506,0.5519682378703507,0.5519682337722766,0.5519682325481766,402432625824.63074
0.5493729614602277,0.5493729564194145,0.5493729522004732,0.5493729509402698,405506216770.96875
0.5467910915734735,0.5467910863823501,0.5467910820376054,0.5467910807398246,408603282358.0288
0.5442232312883986,0.5442232259437056,0.54422322147043,0.5442232201342567,411724001874.06256
0.5416687026319499,0.5416686971276965,0.5416686925208757,0.5416686911448124,414868555976.6474
0.5391271275458414,0.5391271218797244,0.5391271171374309,0.5391271157209017,418037126703.1334
0.5365987634156998,0.5365987575827023,0.536598752700737,0.5365987512424876,421229897481.1861
0.5340856456351297,0.5340856396310336,0.5340856346058661,0.534085633104842,424447053139.41034
0.5315871301454974,0.5315871239651994,0.5315871187925586,0.531587117247484,427688779918.03796
0.5291018480086334,0.529101841646143,0.5291018363210155,0.5291018347303929,430955265479.7229
0.5266301848953184,0.5266301783458882,0.5266301728643,0.5266301712269423,434246698920.39124
0.524171303282716,0.5241712965407775,0.5241712908980682,0.5241712892125836,437563270780.20166
0.5217275510707864,0.5217275441326973,0.5217275383258182,0.5217275365912959,440905173054.5618
0.5192986443997304,0.5192986372608536,0.5192986312859241,0.5192986295012049,444272599205.2571
0.5168859620993161,0.5168859547525247,0.5168859486035797,0.5168859467668818,447665744171.63556
0.5144876307846261,0.5144876232256275,0.5144876168990741,0.5144876150093244,451084804381.9077
0.5121041988537368,0.5121041910758508,0.5121041845660983,0.5121041826216268,454529977764.5047
0.5097350266545367,0.509735018650213,0.5097350119509422,0.5097350099498613,458001463759.5417
0.5073795639946881,0.5073795557575349,0.5073795488633956,0.5073795468041072,461499463330.36945
0.5050395148456875,0.5050395063722418,0.505039499280336,0.5050394971619744,465024178975.1944
0.5027149815765477,0.5027149728589363,0.5027149655626745,0.5027149633832715,468575814738.81665
0.5004059562510349,0.5004059472829524,0.5004059397770572,0.5004059375350365,472154576224.4269
0.49811166246828353,0.49811165324227463,0.49811164552050613,0.4981116432140039,475760670605.5236
0.49583210978085807,0.4958321002902391,0.49583209234700354,0.49583208997434874,479394306637.8916
0.4935676879319571,0.49356767816933095,0.4935676699984374,0.4935676675577807,483055694671.7015
0.49131951387641654,0.49131950383667916,0.4913194954338555,0.49131949292392124,486745046663.6718
0.4890885217327459,0.48908851140711096,0.4890885027650033,0.48908850018359445,490462576189.3546
0.486874551061331,0.4868745404419097,0.48687453155391575,0.48687452889906024,494208498455.48553
0.48467560167216667,0.48467559074800803,0.4846755816049622,0.4846755788739226,497983030312.4478
0.48249023140395186,0.4824902201661685,0.48249021076063225,0.48249020795118647,501786390266.83215
0.4803189619112953,0.4803189503543027,0.48031894068160214,0.4803189377923541,505618798494.0712
0.4781637491241273,0.47816373724131445,0.4781637272959166,0.47816372432521337,509480476851.2026
0.47602656723239917,0.4760265550162471,0.47602654479185874,0.4760265417378207,513371648889.6948
0.47390772984287577,0.47390771728205194,0.4739077067691886,0.4739077036289826,517292539868.40594
0.4718040946624412,0.47180408174576044,0.4718040709350601,0.4718040677058899,521243376766.6065
0.46971410191900215,0.46971408863451347,0.4697140775159738,0.46971407419485167,525224388297.1366
0.4676388341369078,0.46763882047677846,0.4676388090438439,0.46763880562881155,529235804919.6307
0.4655803874516541,0.465580373408421,0.46558036165484534,0.465580358144037,533277858853.8654
0.4635392583204284,0.4635392438824037,0.46353923179840445,0.4635392281888983,537350784093.2094
0.46151411627173233,0.4615141014274113,0.4615140890033599,0.4615140852922796,541454816418.15375
0.45950454136107666,0.4595045260993124,0.45950451332587916,0.4595045095104379,545590193409.9786
0.4575096007821282,0.45750958509112916,0.4575095719584451,0.45750956803569526,549757154464.4893
0.4555300137690007,0.4555299976366741,0.455529984134618,0.4555299801015362,553955940805.8925
0.4535674058140802,0.4535673892320903,0.45356737535368546,0.45356737120818785,558186795500.7429
0.4516214593178436,0.451621442271537,0.4516214280045193,0.45162142374294256,562449963472.0322
0.4496912143543828,0.449691196831643,0.4496911821658714,0.44969117778518636,566745691513.3517
0.4477757189469165,0.4477757009351741,0.4477756858601288,0.4477756813571931,571074228303.1859
0.44587542649306505,0.445875407978769,0.4458753924831078,0.44587538785453373,575435824419.3156
0.44399165655505074,0.443991637524975,0.44399162159762867,0.4439916168401097,579830732353.3071
0.4421241086160968,0.4421240890565957,0.4421240726861435,0.4421240677962681,584259206525.1483
0.4402731356871493,0.4402731155820508,0.44027309875495724,0.4402730937286825,588721503297.9574
0.4384368683111329,0.4384368476454171,0.43843683034911135,0.4384368251826823,593217880992.8429
0.4366157231760009,0.43661570193378957,0.4366156841549819,0.436615678844429,597748599903.8387
0.43481049248016507,0.4348104706492073,0.43481045237764443,0.434810446919905,602313922312.9922
0.43302199749221915,0.43302197505451756,0.43302195627513657,0.4330219506657109,606914112505.5271
0.4312489795164697,0.431248956454403,0.4312489371524555,0.4312489313869387,611549436785.1635
0.42949040630421037,0.4294903825997296,0.4294903627601095,0.4294903568339892,616220163489.5165
0.427747229577646,0.42774720521715626,0.42774718482848506,0.42774717873836227,620926563005.6373
0.4260203311358697,0.42602030610041747,0.42602028514683205,0.42602027888796873,625668907785.6741
0.4243095716965718,0.4243095459683711,0.42430952443498526,0.4243095180029349,630447472362.6257
0.4226140569258147,0.4226140304825463,0.4226140083506798,0.4226140017398625,635262533366.2554
0.4209330614987198,0.4209330343178263,0.42093301156859986,0.4209330047733763,640114369539.0837
0.4192663332530132,0.41926630531890186,0.41926628193914045,0.4192662749555752,645003261752.5461
0.4176149006607957,0.4176148719540912,0.41761484792782694,0.4176148407511506,649929493023.231
0.4159793948671577,0.4159793653677433,0.4159793406780157,0.41597933330316184,654893348529.2848
0.4143596538623632,0.414359623547184,0.4143595981746965,0.41435959059590133,659895115626.9028
0.4127547875212365,0.4127547563673139,0.4127547302928345,0.41275472250435347,664935083866.9713
0.4111643078406569,0.4111642758233731,0.4111642490262979,0.4111642410219766,670013545011.8381
0.40958721882672255,0.4095871859209281,0.40958715838020804,0.40958715015375907,675130793052.1836
0.40802465728252707,0.4080246234691245,0.40802459516877615,0.40802458671542513,680287124224.0618
0.40647690257622904,0.4064768678262421,0.4064768387420132,0.406476830054516,685482837026.0266
0.40494361232898346,0.404943576617386,0.40494354672833077,0.40494353780043096,690718232236.4352
0.4034249445204529,0.40342490781823315,0.4034248771000702,0.40342486792451476,695993612930.8364
0.4019198927621878,0.40191985504247,0.40191982347270516,0.40191981404277527,701309284499.5393
0.40042941302573193,0.4004293742627072,0.40042934181974,0.40042933212898335,706665554665.2715
0.39895319530797374,0.3989531554749422,0.3989531221364256,0.3989531121781673,712062733501.0018
0.39749086285116153,0.3974908219136155,0.3974907876506683,0.3974907774162813,717501133447.8994
0.3960421394203119,0.39604209735004975,0.3960420621390683,0.3960420516215023,722981069333.4003
0.3946067605813524,0.3946067173439526,0.3946066811561275,0.3946066703467771,728502858389.4557
0.39318426729646205,0.3931842228565601,0.393184185662293,0.3931841745523169,734066820270.8735
0.3917751339053666,0.391775088236535,0.3917750500137072,0.3917750385964986,739673277073.8468
0.3903794688227405,0.3903794218843426,0.3903793825989431,0.390379370864343,745322553354.5752
0.3889968356306096,0.3889967873934071,0.38899674702096454,0.38899673496166315,751014976148.0781
0.38762785448302006,0.38762780491276233,0.38762776342461047,0.3876277510320452,756750874987.1023
0.38627273708324944,0.3862726861407447,0.3862726435040816,0.38627263076845464,762530581921.2229
0.38493071363426984,0.3849306612762535,0.3849306174548687,0.38493060436536375,768354431536.0438
0.38360049071682634,0.3836004369009096,0.3836003918593254,0.3836003784053454,774222760972.5767
0.38228246365817586,0.382282408349606,0.3822823620587358,0.3822823482315924,780135909946.7664
0.3809772479073845,0.3809771910638518,0.38097714348828426,0.38097712927740024,786094220769.136
0.3796851999728469,0.37968514155609984,0.3796850926638203,0.3796850780596325,792098038364.6278
0.3784061897085261,0.37840612966593656,0.3784060794128976,0.37840606440224916,798147710292.5459
0.3771381851763252,0.37713812345045483,0.3771380717885827,0.37713805635711406,804243586766.701
0.3758811411483781,0.3758810777023006,0.37588102460069,0.37588100873916946,810386020675.6598
0.3746359824552839,0.37463591724712425,0.37463586267072707,0.37463584636868597,816575367603.1984
0.3734031804375388,0.37340311342156207,0.3734030573321007,0.37340304057810514,822811985848.8608
0.37218269214316485,0.3721826232607123,0.37218256560909146,0.37218254838847703,829096236448.7286
0.3709739761148315,0.3709739053064979,0.37097384604299827,0.37097382834091347,835428483196.2963
0.36977588232279596,0.36977580953012446,0.36977574860582024,0.369775730407651,841809092663.5415
0.368587465201104,0.3685873903712817,0.36858732774197056,0.3685873090345134,848238434222.157
0.36741149164465053,0.36741141473465055,0.3674113503643211,0.3674113311368196,854716880064.9084
0.366246223029023,0.3662461439651385,0.3662460777921013,0.3662460580261282,861244805227.2086
0.3650936626357854,0.36509358135765696,0.36509351333139367,0.36509349301185967,867822587608.8004
0.3639504395005672,0.36395035592581854,0.36395028597738366,0.36395026508369466,874450607995.6609
0.36281665695668314,0.36281657102193615,0.36281649909828506,0.3628164776145964,881129250082.0171
0.3616924825259734,0.3616923941788286,0.36169232023610504,0.3616922981493166,887858900492.5862
0.36057904599223506,0.36057895517592203,0.36057887916661163,0.36057885646253124,894639948804.9321
0.35947712023150113,0.35947702685749594,0.3594769487075082,0.3594769253640045,901472787572.0289
0.35838508002673025,0.35838498401947483,0.35838490366557096,0.35838487966375454,908357812344.9965
0.3573016896825784,0.35730159095687053,0.35730150832773994,0.3573014836463105,915295421695.9729
0.35622714512329945,0.3562270436197041,0.3562269586656019,0.35622693328970034,922286017241.2178
0.3551622792134158,0.3551621748401535,0.3551620874842647,0.35516206139094636,929330003664.3315
0.3541064931943065,0.3541063858517877,0.35410629601076,0.35410626917512716,936427788739.7126
0.35306047231846893,0.3530603619281289,0.3530602695362066,0.3530602419386184,943579783356.133
0.3520231751454686,0.3520230616041357,0.35202296657496956,0.35202293818963293,950786401540.5552
0.3509937142573352,0.35099359748877623,0.35099349975856153,0.3509934705664181,958048060482.0729
0.34997272041186966,0.3499726003122767,0.34997249979413103,0.3499724697692289,965365180556.074
0.34895972778202866,0.3489596042553025,0.34895950086879485,0.3489594699871091,972738185348.5872
0.34795483106720343,0.3479547039940064,0.34795459763925624,0.3479545658709526,980167501680.7762
0.3469581007999185,0.34695797006504103,0.34695786064562306,0.34695782796189917,987653559633.6799
0.3459691385926246,0.3459690041042193,0.34596889154326127,0.3459688579211551,995196792573.0773
0.3449870846606629,0.34498694631504273,0.3449868305257631,0.34498679593935294,1002797637174.6078
0.34401018043007897,0.3440100381080427,0.3440099189906749,0.3440098834101605,1010456533449.017
0.34304253925045763,0.34304239283562127,0.3430422702927571,0.3430422336890423,1018173924767.6622
0.3420819547891059,0.3420818041436231,0.34208167805989115,0.34208164039851446,1025950257888.146
0.34112911459575734,0.34112895958682166,0.3411288298510686,0.3411287910988284,1033785982980.2114
0.3401822935723766,0.3401821340529677,0.3401820005421442,0.3401819606622853,1041681553651.7738
0.33924071813907636,0.3392405539796509,0.33924041658533427,0.33924037554547076,1049637426975.1921
0.33830453301391306,0.33830436406112757,0.33830422265497617,0.33830418041677235,1057654063513.7417
0.33737429906492916,0.3373741251981436,0.33737397967918703,0.33737393621248274,1065731927348.2461
0.3364500755788674,0.3364498966223415,0.3364497468434924,0.33644970210435265,1073871486103.977
0.335530943022004,0.33553075882467326,0.3355306046594976,0.3355305586101561,1082073210977.6904
0.33461667076324925,0.33461648115487197,0.3346163224608845,0.3346162750587809,1090337576764.9391
0.3337067526759305,0.3337065574998646,0.3337063941459628,0.3337063453519365,1098665061887.5226
0.33280113251806176,0.3328009316040989,0.33280076344782555,0.3328007132193245,1107056148421.219
0.3319005709225119,0.3319003640931563,0.3319001909859553,0.3319001392786055,1115511322123.6565
0.33100436588590065,0.3310041529471027,0.3310039747265626,0.3310039214918517,1124031072462.469
0.33011217736601395,0.3301119581145735,0.3301117746106039,0.33011171979769643,1132615892643.6006
0.329223133545379,0.3292229078315202,0.3292227189188068,0.3292226624903292,1141266279639.8699
0.32833764224426293,0.32833740983264853,0.3283372153142033,0.328337157211286,1149982734219.754
0.3274557842414088,0.3274555449143728,0.32745534460801884,0.3274552847762454,1158765760976.3447
0.326577418810339,0.3265771723263136,0.32657696602986885,0.32657690440884724,1167615868356.598
0.32570253612339906,0.3257022822941084,0.3257020698499944,0.3257020063926556,1176533568690.7285
0.3248302495888443,0.3248299881682291,0.3248297693705046,0.32482970401533373,1185519378221.908
0.3239604165915947,0.3239601473656198,0.32395992203514645,0.3239598547286346,1194573817136.115
0.3230927738498029,0.32309249651647176,0.3230922644004915,0.32309219506713976,1203697409592.2642
0.3222279331745161,0.32222764754238065,0.3222274084806596,0.32222733707259776,1212890683752.5642
0.32136536476062777,0.32136507051383234,0.3213648242420132,0.3213647506802931,1222154171813.0579
0.3205045154991929,0.3205042124026811,0.3205039587240317,0.3205038829498812,1231488410034.471
0.3196452950551416,0.319644982872301,0.31964472158878643,0.3196446435430525,1240893938773.2156
0.3187881728057253,0.3187878511996651,0.3187875820293226,0.3187875016277826,1250371302512.7131
0.31793303890896524,0.3179327075216948,0.3179324301649017,0.3179323473180575,1259921049894.8716
0.3170787404828117,0.3170783991199878,0.3170781134140872,0.3170780280733532,1269543733751.8884
0.3162252415199312,0.3162248897764967,0.31622459538247294,0.3162245074465848,1279239911138.213
0.31537212759002936,0.31537176519265847,0.31537146188174975,0.31537137128237575,1289010143362.834
0.3145202012553232,0.31451982783797716,0.3145195153038245,0.31451942194945504,1298854996021.7395
0.3136695689163826,0.313669184070508,0.31366886197116983,0.31366876575966623,1308775039030.6729
0.3128193748067946,0.31281897823799115,0.312818646327067,0.3128185471848293,1318770846658.1414
0.3119698431432234,0.3119694345771508,0.31196909262502975,0.31196899048347265,1328842997558.6233
0.3111204636942371,0.311120042585912,0.3111196901364664,0.3111195848593438,1338992074806.1099
0.31027006346250474,0.31026962941818437,0.3102692661418521,0.31026915763072377,1349218665927.8142
0.30941946069884774,0.3094190133586091,0.3094186389541824,0.3094185271190769,1359523362938.2285
0.3085688168825251,0.30856835578461184,0.30856796986560425,0.30856785459107766,1369906762373.3499
0.30771746598378386,0.3077169906097512,0.307716592742247,0.30771647389868784,1380369465325.2598
0.3068657358495295,0.30686524587484953,0.3068648357872323,0.30686471329350834,1390912077476.8748
0.30601268934375747,0.30601218435652017,0.30601176170403893,0.30601163545717286,1401535209137.0557
0.30515922345257124,0.3051587029437636,0.3051582673003916,0.3051581371731283,1412239475275.8977
0.30430464770638005,0.3043041109943764,0.30430366178963164,0.30430352761156754,1423025495560.3481
0.303448369126783,0.30344781588404235,0.3034473528437824,0.30344721453303064,1433893894390.096
0.30259005136722156,0.3025894809422726,0.3025890035212436,0.30258886091493614,1444845300933.678
0.30173002430034057,0.30172943619342457,0.30172894397335004,0.301728796946547,1455880349164.947
0.30086841162739747,0.30086780533865565,0.30086729790117495,0.30086714632891154,1466999677899.727
0.30000445432439565,0.3000038290461817,0.30000330571532985,0.3000031493956943,1478203930832.8396
0.2991377278384269,0.2991370829947552,0.29913654328845685,0.29913638207745236,1489493756575.3264
0.2982696274029541,0.29826896246771606,0.2982684059456407,0.29826823971174016,1500869808692.015
0.2974001071688716,0.2973994215640842,0.29739884774248376,0.2973986763411904,1512332745739.3657
0.29652760819366064,0.29652690105991647,0.29652630921950535,0.2965261324359686,1523883231303.583
0.2956521327370717,0.29565140356187297,0.2956507932737119,0.2956506109798061,1535521934039.0183
0.2947735079363381,0.29477275586317514,0.2947721264104022,0.29477193839200005,1547249527706.8894
0.29389194292958853,0.29389116729294873,0.2938905181185583,0.29389032420928113,1559066691214.305
0.2930069521368581,0.29300615220730514,0.29300548270073545,0.29300528271573967,1570974108653.52
0.29211870194401496,0.29211787719375076,0.2921171869133667,0.29211698072567144,1582972469341.591
0.2912295518435293,0.29122870146473784,0.29122798973437747,0.29122777713954406,1595062467860.227
0.2903359584710902,0.2903350812393912,0.290334347034301,0.29033412772623407,1607244804096.0515
0.2894390816890228,0.2894381768577483,0.2894374195529985,0.28943719334503076,1619520183281.0728
0.2885407067129851,0.28853977368548545,0.2885389927817057,0.28853875952467445,1631889316033.5288
0.28763519537026694,0.2876342325957617,0.2876334267950164,0.2876331861012264,1644352918399.0457
0.28672608593819965,0.2867250931248205,0.28672426218282715,0.28672401397931085,1656911711892.0417
0.28581374780094987,0.28581272380490697,0.2858118667643632,0.28581161076517314,1669566423537.5503
0.28489690743781726,0.2848958513006143,0.2848949673593,0.28489470332481154,1682317785913.2515
0.28397677690341744,0.2839756880058652,0.283974776645545,0.2839745044209609,1695166537191.9375
0.2830563752677067,0.2830552521009127,0.28305431205870857,0.2830540312668052,1708113421184.188
0.2821329141401562,0.2821317552897273,0.28213078538184977,0.28213049566902765,1721159187381.486
0.28120089647133056,0.2811997011830223,0.28119870077820847,0.2811984019559085,1734304590999.5503
0.28026677943768397,0.28026554690407046,0.2802645153265354,0.2802642071928995,1747550393022.1091
0.27932854277388214,0.2793272714041972,0.2793262073225384,0.2793258894798749,1760897360244.905
0.27838544452733777,0.27838413360095343,0.27838303641203643,0.2783827086801882,1774346265320.1055
0.27743599988091305,0.277434647475702,0.2774335155575661,0.2774331774520517,1787897886801.0537
0.276484276392492,0.2764828819313852,0.2764817148391336,0.276481366222483,1801553009187.2869
0.27553190594567906,0.2755304686085532,0.2755292656192749,0.27552890628470983,1815312422970.0103
0.2745514810881663,0.27454999818015147,0.27454875705000226,0.27454838632270606,1829176924677.799
0.2735781417611405,0.2735766127556857,0.2735753330439618,0.2735749507922954,1843147316922.7683
0.27261267863350575,0.27261110131391864,0.2726097811653456,0.2726093868351362,1857224408446.977
0.2716453591541955,0.2716437333181136,0.2716423725633206,0.2716419661039764,1871409014169.3052
0.2706761002079071,0.27067442372577727,0.2706730205824214,0.2706726014615543,1885701955232.5693
0.2697014454456558,0.2696997158071468,0.26969826817419174,0.26969783576421996,1900104059051.1187
0.2687202586692045,0.26871847418605294,0.2687169806504997,0.2687165345293592,1914616159358.681
0.267726228766515,0.2677243876507072,0.2677228466889062,0.2677223863782671,1929239096256.6492
0.26673842342165427,0.2667365255400681,0.2667349370949177,0.2667344626241506,1943973716262.7393
0.2657496605567708,0.26574770466316455,0.2657460676644544,0.2657455786906722,1958820872359.9387
0.26475860741065366,0.2647565905479852,0.2647549025208017,0.2647543983047449,1973781424045.95
0.26376353661764973,0.2637614567686214,0.26375971602457826,0.26375919606192444,1988856237382.882
0.26276349551766043,0.26276135084670815,0.26275955584952304,0.2627590196813833,2004046185047.4507
0.2617587938110828,0.2617565829217389,0.26175473250263,0.2617541797798881,2019352146381.442
0.26075049973143793,0.2607482202225695,0.26074631237071044,0.2607457424925951,2034775007442.6394
0.25973845794537886,0.2597361066826071,0.25973413877703183,0.25973355096092793,2050315661056.1445
0.2587238241243007,0.258721399618547,0.2587193704117805,0.25871876428493135,2065975006866.0027
0.25771097317727415,0.25770847359872673,0.25770638155929937,0.2577057566642533,2081753951387.3508
0.2566812093408221,0.25667863194153157,0.256676474769538,0.2566758304193122,2097653408058.828
0.2556401629686803,0.25563750515788203,0.2556352806849691,0.25563461623187406,2113674297295.5215
0.2546111891374626,0.2546084492029048,0.25460615599599645,0.2546054710119713,2129817546542.1812
0.25357825295310205,0.25357542633950464,0.2535730605860421,0.25357235393227295,2146084090326.9788
0.25254385378380284,0.2525409416864114,0.25253850438663766,0.2525377763618071,2162474870315.5361
0.25150531895856654,0.2515023172702422,0.25149980498692254,0.2514990545645085,2178990835365.51
0.25046838489040935,0.2504652902375628,0.250462700141444,0.25046192647593585,2195632941581.4583
0.24942338496411587,0.24942019665933074,0.2494175281862559,0.24941673110977836,2212402152370.2153
0.24837333068205453,0.24837004208494937,0.24836728967165328,0.24836646752213856,2229299438496.6904
0.2473240004570287,0.24732061035213387,0.24731777298131144,0.24731692545488745,2246325778140.0015
0.2462745362692447,0.24627104051618956,0.2462681147225591,0.24626724078414686,2263482156950.176
0.2452145076671908,0.24521090532649428,0.24520693743856636,0.24520603682001632,2280769568105.1333
0.2441515617431873,0.24414784832199155,0.2441447403498486,0.24414381199452354,2298189012368.258
0.24308473673656833,0.24308090894743584,0.24307770525446534,0.24307674831872206,2315741498146.254
0.24201200037757314,0.24200805348775392,0.2420047501049489,0.24200376337502644,2333428041547.6006
0.24093770573972267,0.24093363911944501,0.24093023534887262,0.24092921863188427,2351249666441.2974
0.23985961159614735,0.23985542102754176,0.2398519136799291,0.2398508660307735,2369207404516.21
0.23878040176007032,0.23877608249695711,0.23877246745619082,0.23877138763899644,2387302295340.7305
0.2376892137525217,0.2376847620685161,0.23768103619857064,0.23767992327624993,2405535386422.985
0.2366119069568014,0.23660732027662507,0.23660348142635318,0.236602334757077,2423907733271.501
0.23552770001455628,0.23552297422109825,0.23551901893880972,0.23551783748647978,2442420399456.246
0.2344402557559468,0.23443538814808668,0.2344313141743165,0.23443009727348016,2461074456670.274
0.23334847707658674,0.2333434588771341,0.233339258862454,0.23333800431298468,2479870984791.6836
0.23225666882095578,0.23225149895442782,0.2322471720042252,0.23224587953885584,2498811071946.2163
0.2311601725164964,0.23115484708249445,0.23115038982198163,0.23114905841578542,2517895814570.1655
0.23006420185418266,0.23005871617620902,0.23005412490043017,0.23005275347118417,2537126317473.9277
0.22896585127043897,0.22896020116930857,0.22895547228548466,0.22895405976265895,2556503693905.8823
0.2278623865503038,0.22785656573896687,0.22785169397885735,0.2278502387788289,2576029065616.915
0.22676888889720623,0.22676289459098392,0.22675787747927084,0.2267563787819034,2595703562925.2876
0.22566666255112383,0.22566048829103624,0.22565532070275787,0.2256537771386883,2615528324782.0986
0.22456392953126025,0.22455672878686866,0.22455140591767214,0.22454981594830528,2635504498837.2515
0.2234622176000151,0.2234556679813569,0.22345018622299184,0.22344854881415727,2655633241505.8174
0.22235697089633388,0.22235022532178628,0.22234457951233508,0.2223428931036372,2675915718035.0635
0.2212510426520976,0.22124409804984796,0.22123828565128562,0.22123654940612356,2696353102571.823
0.22014524595935644,0.2201380951972999,0.2201321103338883,0.22013032264980611,2716946578230.5566
0.21904484926150708,0.2190374881467286,0.2190313272287643,0.2190294869572305,2737697337161.7593
0.21793772049228738,0.21793013907577785,0.2179237937261431,0.21792189836493733,2758606580621.013
0.21682138199521317,0.21681357408844082,0.21680703927849174,0.21680508732440149,2779675519038.557
0.21571849480274743,0.21571045892908203,0.21570373323685815,0.21570172427007495,2800905372089.282
0.21461113753625935,0.21460286415943103,0.2145959397427055,0.21459387139164995,2822297368763.4263
0.2135090487012146,0.21350053055965695,0.21349340127074223,0.21349127174495253,2843852747437.632
0.21240308662399873,0.21239431594392602,0.21238697494822553,0.21238478215624143,2865572755946.7246
0.2112934296329267,0.211284401912229,0.211276846063769,0.21127458912458244,2887458651655.858
0.21018441024606735,0.21017511695371657,0.21016733890584224,0.21016501559881015,2909511701533.397
0.2090778072871627,0.20906824008091388,0.20906023275632135,0.20905784099766114,2931733182224.1655
0.2079721867339367,0.207962336976772,0.20795409304096205,0.2079516305617457,2954124380123.449
0.20685794125509047,0.20684780072575318,0.20683931358836444,0.20683677847728027,2976686591451.3784
0.20575676754889313,0.20574633132439038,0.20573759637962258,0.2057349872452269,2999421122328.0015
0.20465410350182114,0.20464336389257157,0.20463437536023946,0.20463169048122487,3022329288848.935
0.20355299166430618,0.2035419364651243,0.20353268380247827,0.20352992002118053,3045412417161.465
0.20245098002780054,0.2024395966397868,0.20243006929611324,0.20242722347756756,3068671843541.4146
0.2013510207299217,0.20133930813475986,0.20132950525886395,0.20132657713948454,3092108914470.4033
0.2002465052257503,0.20023445128413478,0.20022436250283668,0.2002213489842927,3115724986713.8945
0.19914802967562292,0.19913562408354707,0.19912524087590738,0.19912213941304013,3139521427399.6357
0.1980467369683081,0.19803396690638464,0.19802327901093925,0.1980200865388059,3163499614096.904
0.1969474336233431,0.19693428908418095,0.19692328777578613,0.19692000177256788,3187660934896.15
0.19585617051276943,0.1958426483138733,0.19583133076727594,0.19582795022050317,3212006788489.459
0.19475560895120708,0.19474168914017637,0.19473003895142604,0.19472655904102276,3236538584251.4277
0.19365610283502657,0.19364177620218218,0.1936297854821197,0.19362620382293605,3261257742320.793
0.19255539953976575,0.19254065283701519,0.19252831075416332,0.19252462418978147,3286165693682.682
0.191464277811823,0.19144910210934593,0.19143640084321825,0.19143260698522954,3311263880251.3604
0.1903884513843186,0.19037283387122378,0.1903597619120821,0.19035585725324664,3336553754953.808
0.18929316546217828,0.18927708489133052,0.1892636256342507,0.18925960531577243,3362036781813.725
0.1881941351908881,0.18817758148666233,0.18816372631443914,0.188159587578379,3387714436036.389
0.18709646968576063,0.1870794314495308,0.1870651715443257,0.18706091227294716,3413588204093.9595
0.18600073457573346,0.18598319871103644,0.18596852227469202,0.18596413844472984,3439659583811.571
0.1849053972608857,0.1848873477472492,0.1848722412578618,0.18486772885437694,3465930084454.0684
0.18381350546053793,0.1837949253141619,0.18377937463530525,0.18377472956256882,3492401226813.352
0.18273725625858947,0.1827181246932173,0.18270211250275845,0.18269732969272706,3519074543296.3867
0.1816329112974977,0.18161320922560228,0.18159671852550707,0.1815917925811179,3545951578013.9385
0.18052992670691295,0.18050964809303255,0.18049267514523973,0.18048760536508782,3573033886870.01
0.1794223869432459,0.17940150896659926,0.17938403489149182,0.1793788153586577,3600323037651.806
0.17832370733420153,0.17830222175871965,0.17828423949322755,0.1782788682124928,3627820610120.612
0.17722485494699874,0.17720272863963932,0.17718421030026274,0.17717867892655373,3655528196103.1265
0.17613786258272146,0.17611484587348727,0.17609579070318454,0.17609009888027766,3683447399583.731
0.17504204387499475,0.17501858331913905,0.17499894826304907,0.17499308332551583,3711579836797.2397
0.17395834412897215,0.17393418943023878,0.17391397288308635,0.1739079339341759,3739927136322.507
0.172851300737156,0.1728264206754174,0.1728055967808367,0.1727993767636658,3768490939176.7515
0.17174046710109211,0.1717148410004098,0.1716933943158471,0.1716869883120815,3797272898910.448
0.17062232388907164,0.17059592933697576,0.17057383896786932,0.17056724067361775,3826274681703.174
0.16949822268925033,0.16947105409838786,0.16944831544905198,0.16944152323061887,3855497966459.937
0.16837984519198707,0.16835186080210646,0.16832844005954745,0.16832144460177514,3884944444908.496
0.1672624470499997,0.16723361778690574,0.1672094881558251,0.1672022805769339,3914615821697.167
0.16615780864877414,0.1661281308826834,0.1661032903604938,0.1660958704957998,3944513814493.6294
0.16503745472706038,0.1650068975798498,0.1649813209830346,0.16497368083423353,3974640154084.237
0.16393626727893965,0.16390480923565445,0.16387848047802622,0.16387061625113955,4004996584474.339
0.16280393372960159,0.16277152635822462,0.16274440411945093,0.16273630296506203,4035584862989.1274
0.1616682188284409,0.16163482266625215,0.1616068729085929,0.16159852451385762,4066406760375.4175
0.16052547374701034,0.16049105855000115,0.16046225316198703,0.16045364817456437,4097464060904.2036
0.1593798600019045,0.15934439261869737,0.15931470848394713,0.1593058418166444,4128758562473.837
0.15823797387882402,0.1582014425394359,0.15817086882067624,0.15816173672260594,4160292076714.235
0.15708204982418936,0.15704442007487027,0.15701292711389667,0.15700352034860615,4192066429091.626
0.15591974599371877,0.15588096324173356,0.15584850420253177,0.15583880900793673,4224083459014.357
0.15476908362425332,0.15472912280426335,0.1546956770368409,0.15468568614580944,4256345019939.241
0.15363852549107193,0.15359669797378128,0.15356224722304043,0.15355195691414822,4288852979478.9927
0.15246669298131799,0.15242431042238633,0.1523888346335387,0.152378237806254,4321609219510.2017
0.15128866927533546,0.15124498495114605,0.15120842382728975,0.15119750281058128,4354615636282.4165
0.15010677801166727,0.1500617402645332,0.1500240490276351,0.15001279107913018,4387874140527.7935
0.1489160683630613,0.1488696399471001,0.148830784178013,0.14881917818058207,4421386657571.762
0.14772613759071293,0.1476782833268515,0.14763823305281512,0.14762627028200548,4455155127444.533
0.14652615910849295,0.14647683989560836,0.14643556231128468,0.1464232334870941,4489181504993.286
0.14532378340669225,0.14527294222713313,0.14523039132598237,0.1452176808333528,4523467759995.472
0.1441192368427516,0.14406653826956006,0.1440227087184926,0.14400961722860675,4558015877272.704
0.14291099201607713,0.14285699909690736,0.14281181094258485,0.14279824018412576,4592827856805.802
0.1417112096722363,0.1416555455889581,0.14160895702190093,0.14159504190472016,4627905713850.439
0.14047174563111714,0.14041436794083412,0.14036634351177651,0.1403519987382322,4663251479053.868
0.13922483057825497,0.1391656691623608,0.13911613888175328,0.13910134296846058,4698867198572.5205
0.13796942821524674,0.13790841006196325,0.13785733871124237,0.13784208390781938,4734754934190.335
0.13669440508978858,0.13663150130443652,0.13657885849715662,0.1365631346566323,4770916763438.26
0.13542998784975854,0.13536517813993224,0.13531093559603719,0.13529473116015206,4807354779714.371
0.1341631590890573,0.13409636625734692,0.13404046032488248,0.13402106041794765,4844071092405.21
0.13287395029049887,0.13280505151449554,0.13274739549435743,0.13273017524295103,4881067827007.742
0.13159667531635888,0.13152567350529698,0.13146625845880142,0.13144851204165017,4918347125252.559
0.13032990253112559,0.13025674218828612,0.1301955060920154,0.13017721233160034,4955911145227.696
0.12902011665905552,0.12894471439641134,0.12888160891822895,0.12886276142900735,4993762061503.737
0.12770208911560751,0.12762437340912677,0.12755933053615068,0.12753990458164519,5031902065259.549
0.1263741395941885,0.12629399604790822,0.12622692605926267,0.12620689252212974,5070333364409.1875
0.12503565619856435,0.12495301310968696,0.12488383900488202,0.12486317714777667,5109058183729.784
0.1236939663610406,0.12360886393508312,0.12353754714476377,0.12351624662006441,5148078764990.183
0.12234561825869633,0.12225780506196464,0.12218406546876755,0.12216211424784316,5187397367080.891
0.12098744411587457,0.12089701254117316,0.12082133910683708,0.12079873901958724,5227016266144.669
0.11963106059322433,0.11953790861893406,0.11945995808302913,0.11943667414864956,5266937755708.473
0.11827608257965716,0.11818004341480608,0.11809966875533282,0.11807566470131883,5307164146816.051
0.11688317206146914,0.11678412146097103,0.11670119487847892,0.11667642681110506,5347697768161.902
0.11548009732415601,0.11537800414391396,0.1152925669219082,0.11526705069362438,5388540966225.91
0.11406967403582376,0.11396455295838534,0.11387657691505028,0.11385028859849694,5429696105409.355
0.1126459661514166,0.11254098377620862,0.11245033009473461,0.11242325605095832,5471165568171.638
0.11121708622662499,0.11110557230687183,0.11101224071979146,0.11098435749794489,5512951755168.257
0.10977584711184794,0.10966093190868177,0.10956475913853138,0.10953602981535117,5555057085389.858
0.10833023106611174,0.10821342717449041,0.10812191963044238,0.10809232635693977,5597483996302.109
0.1068915667502018,0.10676964878610515,0.10666764615118003,0.1066371865608056,5640234943986.983
0.10542821907396444,0.10530264852774239,0.10519754825870958,0.10516615648474661,5683312403284.759
0.10395496162109727,0.1038257531511637,0.10371763044624951,0.10368533873617435,5726718867937.474
0.10247914779933376,0.10234925219412569,0.10223801886837809,0.10220478978756282,5770456850733.098
0.10100347581906802,0.1008666909821739,0.10075221174442014,0.10071770317269826,5814528883651.188
0.09952795505680992,0.09938721851355964,0.09926944131067104,0.09923426646405828,5858937518009.275
0.09802983655334764,0.09788498843917498,0.09776376055903727,0.09772741734989701,5903685324610.747
0.09652504498602268,0.09637652425235098,0.09625212856694877,0.09621518994303707,5948774893893.505
0.09501369209995524,0.09486237641275323,0.09473420324909182,0.09469593258144779,5994208836079.995
0.09349767870259339,0.09334016252730858,0.09320835829764382,0.09316898614412812,6039989781328.388
0.09197711096286698,0.0918152142041421,0.09167974050551778,0.09163928429335787,6086120379884.666
0.09044667806834558,0.09028103649144016,0.09014586807999551,0.0901042461375847,6132603302236.241
0.0889170550396395,0.08874585513653614,0.08860262865334492,0.08855986555338075,6179441239266.351
0.08737458355125545,0.08719874792255616,0.0870516320675569,0.08700770117119996,6226636902410.033
0.0858253445719647,0.08564470886105525,0.08549356151778942,0.08544841990567506,6274193023810.915
0.08427219165543237,0.0840868131166758,0.08393366495385146,0.08388734983734067,6322112356479.449
0.08272677438922904,0.08253650009725051,0.08237739960183833,0.08232989384023369,6370397674452.363
0.08118753570374967,0.08099237351402867,0.08082908593583127,0.08078032512052559,6419051772953.069
0.07963029128996192,0.0794301103723854,0.07926258374779871,0.07921254755495814,6468077468553.683
0.0780696819152258,0.07786335106789533,0.07769148069202025,0.07764016247358635,6517477599337.866
0.07650424224180541,0.0762934436827533,0.07611720653189609,0.07606456270803007,6567255025065.337
0.0749390550866382,0.07472305298549674,0.07454241959273901,0.0744885041163071,6617412627337.2
0.07337683176243541,0.0731554537272934,0.07297033256617382,0.07291506401033604,6667953309762.984
0.07180786685661177,0.07158115141805163,0.07139164216239138,0.07133505006560359,6718879998128.512
0.07024520531230524,0.07001306750983323,0.06982349331787206,0.06976559136482167,6770195640565.488
0.06869812951896904,0.0684604450354508,0.06826005128008739,0.06820073762338968,6821903207721.9795
0.06716315117917537,0.06692002958507495,0.06671681650169725,0.06665616033154785,6874005692934.462
0.06561236566689664,0.0653644118139794,0.06515596921925847,0.0650939468671883,6926506112401.191
0.06406898362097418,0.0638150438898144,0.06360080412503684,0.06353742004612155,6979407505356.613
0.06252577298026829,0.06226629418065557,0.06204942218104626,0.06198466778547845,7032712934247.528
0.06099088619531113,0.060725770182818696,0.06050408639017268,0.06043792212858717,7086425484910.149
0.059462315426855886,0.059191564241531644,0.058965248655822845,0.05889772425737711,7140548266748.971
0.057943033355229455,0.05766681211577193,0.05743603533191856,0.05736712269983792,7195084412916.535
0.05641835975476992,0.05613415404803304,0.055898832339753055,0.055828632232121256,7250037080495.05
0.05479092143389185,0.054505376889397904,0.0542640693610865,0.05419254312206858,7305409450678.91
0.05328971655388685,0.052997405441039466,0.05275331532672248,0.05268051011998907,7361204728959.095
0.05184728472384849,0.051549912182596136,0.05130545022578667,0.051231312544961716,7417426145308.525
0.050442034857948306,0.05014595994255656,0.04989293454993354,0.049817464603354074,7474076954369.135
0.04905540167490739,0.04874668110389793,0.048488925081401825,0.04841207513641189,7531160435640.371
0.047629393300834356,0.04731568323415789,0.047053644048874715,0.04697550240082088,7588679893668.832
0.04620085162148384,0.045882206733498056,0.04561607170310013,0.04553667240216654,7646638658239.81
0.04478983564630299,0.04446639715669641,0.04419631650988757,0.04411569805847703,7705040084569.806
0.04339284892847242,0.04306445372049381,0.04279044407996678,0.04270873147076322,7763887553501.01
0.04201572140817992,0.04168296786183707,0.04140529476766003,0.04132252261046058,7823184471696.799
0.040657534163682195,0.040320156463999855,0.040038624097821114,0.03995469932316829,7882934271839.04
0.03931501788346899,0.0389730427515211,0.038687979983850956,0.03860302860046346,7943140412826.874
0.037993707214325614,0.03764721310919977,0.03735897343518908,0.0372731035659332,8003806379976.884
0.036692995474631514,0.03634276274982938,0.03605105351424714,0.035964169159440826,8064935685224.795
0.035410428606636526,0.03505650218588109,0.03476177204820582,0.0346739625071644,8126531867328.845
0.03415019201018077,0.033792903696005704,0.033495284341763194,0.033406664478513315,8188598492074.74
0.03291448586603317,0.032553501404149025,0.03225288621698928,0.03216341793845937,8251139152481.845
0.03169917100739322,0.03133734136295562,0.031034323213954395,0.030944128898753066,8314157469011.45
0.03050883617419138,0.030141832811217618,0.02983649387870363,0.02974561518429617,8377657089776.089
0.029345763149249797,0.028974415519661508,0.028669066026311446,0.028577537961628093,8441641690750.998
0.028203799099008383,0.027834200525580145,0.02752873943531242,0.027436702409755594,8506114975986.679
0.027094760340084085,0.02672074271163851,0.026409938832246176,0.026317390187592334,8571080677823.427
0.026000040392832997,0.025623482465422922,0.025311082617057744,0.025218124048108064,8636542557107.501
0.024930164532732002,0.024552783491591363,0.024238297208144112,0.024145002447851373,8702504403408.591
0.023886437542017625,0.023507685162330403,0.023193165407891875,0.023099685001334386,8768970035239.479
0.022868171188189037,0.02248840892189139,0.022173490920738382,0.022079946746513254,8835943300276.807
0.021876013650918406,0.02149559710225129,0.02118014438886675,0.021086464229996375,8903428075584.105
0.020910985285654375,0.020530055604028766,0.020214496104257556,0.020120882870639123,8971428267835.943
0.019971227821915634,0.019590566138367065,0.019275475009170838,0.019181951030419184,9039947813544.377
0.01905980395230885,0.01867966371636983,0.01836486566993903,0.01827124867000011,9108990679286.545
0.01817506096732165,0.01779567869361203,0.017481520966165693,0.017388050806730858,9178560861934.578
0.017316109782177257,0.016937615542923567,0.016624494591108624,0.016531635959164317,9248662388886.729
0.016484622825324553,0.016107285601029933,0.01579526327585958,0.015702783718516706,9319299318300.613
0.015678904970860025,0.015302869745864745,0.014992696426456963,0.01490083341661472,9390475739328.266
0.014899309590232317,0.014525552176086908,0.01421755170883365,0.014126348599133797,9462195772352.584
0.0141469854182888,0.01377576489343789,0.013470017905419343,0.013379499698481139,9534463569226.166
0.013422296386171784,0.013053621071941777,0.012750641882155403,0.01266095346829566,9607283313511.344
0.012722690989733472,0.01235731278996161,0.012057787913486415,0.011968877800126775,9680659220722.695
0.01204997065570939,0.011687797763703801,0.011390062313434859,0.011302479493612487,9754595538570.748
0.011404923296948236,0.011046195258300895,0.010751977611515879,0.010665121037748724,9829096547208.207
0.010783225192552797,0.010429389080358396,0.010140467030640168,0.010057000379565945,9904166559477.406
0.010190205881463398,0.0098396648721756,0.009552649228967093,0.009468095153143884,9979809921160.3
0.009616367326566153,0.009270169415667967,0.008987260138730021,0.008903874160175409,10056031011229.762
0.009066079295347794,0.008724948652019376,0.008446289940497252,0.008364255760852977,10132834242103.191
0.008539814034985618,0.008203904591846296,0.00792979921144394,0.007849226908913109,10210224059898.086
0.008037194926091992,0.007706700171658588,0.007437480759209291,0.007358199528549616,10288204944689.123
0.0075570275775967395,0.0072322828660916945,0.0069680348103130525,0.006890453571108587,10366781410767.852
0.007099366985870138,0.00678012484832555,0.006521021185774866,0.006445050331955879,10445958006903.69
0.006663214960521255,0.006349866669595394,0.0060961933768816905,0.006021829465947516,10525739316607.576
0.006247424113619376,0.005940690495388992,0.005692539429149696,0.005619860014879794,10606129958397.027
0.00585208728474634,0.005552005796311388,0.005309573131265627,0.005238662191878351,10687134586063.62
0.005477054585678788,0.005183770569368411,0.004947063581052384,0.0048779279675115784,10768757888942.484
0.005121317079670824,0.004834835599448597,0.004603998598833761,0.0045366797849282145,10851004592183.688
0.004783961827098284,0.004504274481377154,0.004279582225188932,0.0042141351635897805,10933879457025.684
0.004464901695909197,0.00419218413473344,0.003973707552075684,0.003910107277536383,11017387281071.018
0.004163174219132572,0.0038976687107924036,0.0036853710927216114,0.003623688424347375,11101532898564.203
0.0038781807853396793,0.0036199284967126455,0.0034141904091461684,0.0033544262623151203,11186321180671.254
0.0036094353124997655,0.003358552688332281,0.003159108952796226,0.003101239944646516,11271757035762.043
0.003356371094400147,0.003112955854923943,0.0029197844199620035,0.002863865314877961,11357845409694.072
0.00311830186581087,0.0028822808416567426,0.0026954408283892985,0.002641461480239616,11444591286099.166
0.002894472144318903,0.002665863996636869,0.0024854363522512023,0.0024334539901719734,11531999686671.64
0.002684543945279827,0.002463450916223537,0.0022895060950183918,0.0022394306873087756,11620075671459.146
0.0024876084575180756,0.0022742159550797714,0.0021066126837481778,0.0020584702686790835,11708824339155.742
0.0023034648251558597,0.0020971935731459294,0.001935823428423366,0.0018897161546204393,11798250827396.717
0.002131471766980008,0.001932441508877656,0.0017773331128921811,0.0017329437856129343,11888360313056.395
0.0019703487776860785,0.001778664226668834,0.0016304640419158016,0.0015879212263295295,11979158012547.432
0.001820532096259744,0.001635909389037362,0.0014930110492406042,0.0014523220727457435,12070649182123.186
0.0016798458239673324,0.0015024058958248315,0.0013655724570590675,0.0013266921953937758,12162839118181.658
0.0015488374572885594,0.0013784117844800048,0.0012474733238406113,0.0012103848998248317,12255733157572.24
0.0014269526581949944,0.0012633741140882842,0.001138265582526638,0.001102885730503177,12349336677904.768
0.0013136030038723033,0.0011567220706267315,0.00103729591154211,0.0010036184044329955,12443655097860.73
0.001208178078607505,0.001057938103636397,0.0009441220652660308,0.0009121186196053688,12538693877506.854
0.0011103401259184855,0.000966619251180122,0.0008582710648042044,0.0008278792180699086,12634458518611.281
0.0010195947203065039,0.0008822739917605989,0.0007792683795521403,0.0007504653976745853,12730954564962.23
0.0009355591603368396,0.0008045050501552038,0.0007066917750570885,0.0006794340361004926,12828187602688.549
0.0008578656266937354,0.0007328890756990442,0.000640083781332006,0.0006143104490482787,12926163260583.523
0.0007860901701634892,0.0006669619187509706,0.00057902463646221,0.0005546871668591622,13024887210430.297
0.0007197244779401482,0.0006063183059198047,0.0005231120410758499,0.0005001706891574218,13124365167330.637
0.0006584889550665101,0.0005506535339064796,0.0004720054189070556,0.0004503958625201866,13224602890035.41
0.0006020768582367994,0.0004995908131095075,0.00042532456198439894,0.00040500871664541255,13325606181278.105
0.0005500996795999274,0.0004528142946353671,0.00038275731841975905,0.0003636856309637449,13427380888110.871
0.0005022553993407134,0.0004099721209362086,0.00034403813913634564,0.00032615670058689815,13529932902242.887
0.00045826278641934975,0.0003708364442072267,0.0003088504571522032,0.00029212618228754566,13633268160381.322
0.00041787864105464887,0.0003351721355355241,0.0002769423442221846,0.00026128831543421644,13737392644575.121
0.0003808487072112971,0.0003026444795079095,0.00024800234445592086,0.00023339294073916053,13842312382561.47
0.000346955910160909,0.0002730436891380515,0.0002218064506675298,0.00020817566347061824,13948033448114.35
0.0003159403921631171,0.0002461169353228607,0.0001981080626231851,0.00018540793910229903,14054561961396.592
0.0002875245112097017,0.00022161039926945505,0.00017673966829568095,0.00016493950520053653,14161904089313.723
0.0002615217432132179,0.00019937861433697233,0.00015747721623903107,0.00014652496924384443,14270066045871.424
0.00023777377057448873,0.0001792380684169222,0.00014015596733651413,0.0001299954906451894,14379054092534.848
0.00021609091472642747,0.00016100648415519846,0.0001245876806643745,0.00011518021433910696,14488874538591.271
0.00019633285389459543,0.00014451851569765933,0.00011060662977089649,0.00010189909683655887,14599533741515.459
0.00017834871015458623,0.00012962006762066568,9.806447751790502e-05,9.003107735776443e-05,14711038107337.568
0.00016195663400457464,0.00011616616653752101,8.685521877349919e-05,7.944750045063655e-05,14823394091013.887
0.0001470472954835656,0.00010402968904994784,7.684158453047177e-05,7.002145194177351e-05,14936608196800.615
0.0001334934209630784,9.312843466217494e-05,6.79183499281387e-05,6.163786522166231e-05,15050686978630.582
0.00012119954128444888,8.3309180591374e-05,5.9970179378008964e-05,5.4197714214065625e-05,15165637040492.229
0.00011005941995268538,7.450241478316007e-05,5.285719129298393e-05,4.756345653714994e-05,15281465036812.395
9.98725858084481e-05,6.654153610220507e-05,4.653727819719093e-05,4.168788036910939e-05,15398177672841.05
9.062359809364072e-05,5.9396935092032464e-05,4.0928877163403725e-05,3.649229155545601e-05,15515781705039.965
8.223238426602064e-05,5.2995748968186526e-05,3.595963424806286e-05,3.190438024643704e-05,15634283941473.387
7.463328592434761e-05,4.7267080451628425e-05,3.1556737156315895e-05,2.7853344059625065e-05,15753691242202.355
6.775351819596139e-05,4.213611156462062e-05,2.7658635430296385e-05,2.4282781117676768e-05,15874010519682.018
6.152462985108304e-05,3.754194759828847e-05,2.421362155141797e-05,2.1141207850062224e-05,15995248739161.346
5.5874815299891415e-05,3.34309493030557e-05,2.11732269058801e-05,1.8381573322115886e-05,16117412919086.857
5.075114917275381e-05,2.9753521767489916e-05,1.8493829340476374e-05,1.5961621854179033e-05,16240510131508.406
4.611786099125129e-05,2.647602742938555e-05,1.6140900375265265e-05,1.3844663562315636e-05,16364547502489.094
4.193050316776503e-05,2.355595809390882e-05,1.407214781172472e-05,1.199193784915808e-05,16489532212517.334
3.8143040656457744e-05,2.0951593516775657e-05,1.2255490947414186e-05,1.0373688836287297e-05,16615471496922.738
3.4717296461338924e-05,1.863116369214095e-05,1.0662326720502079e-05,8.9622492167005e-06,16742372646295.09
3.161598504352288e-05,1.656449320855441e-05,9.267420863715976e-06,7.733563040595291e-06,16870243006906.264
2.880985076852383e-05,1.47260823166317e-05,8.048099844278387e-06,6.665167642384783e-06,16999089981135.367
2.6273673476579854e-05,1.3091544121241218e-05,6.9818290902958085e-06,5.736576771126234e-06,17128921027897.393
2.3984281564048572e-05,1.163830047012339e-05,6.050886103804152e-06,4.931251649897781e-06,17259743663075.223
2.1916030286329524e-05,1.0345626489065117e-05,5.239030531889352e-06,4.2336959125498246e-06,17391565459954.236
2.0044899198864727e-05,9.196588431423389e-06,4.532056040587644e-06,3.6306450325001225e-06,17524394049661.281
1.8350276429203497e-05,8.176101350062394e-06,3.917769496757236e-06,3.1101294101998073e-06,17658237121605.875
1.6816308812228616e-05,7.27072184245282e-06,3.384003683574682e-06,2.6608282309727747e-06,17793102423925.914
1.542967330491266e-05,6.467236104633195e-06,2.920318093932718e-06,2.2736130189509844e-06,17928997763935.71
1.4176706589149481e-05,5.754248646763282e-06,2.5183531944612413e-06,1.9405698595234136e-06,18065931008578.156
1.3042264058194413e-05,5.121681650267216e-06,2.169908318709684e-06,1.6543413751871395e-06,18203910084880.31
1.201533939037378e-05,4.56101123710817e-06,1.868490680621822e-06,1.4087727211672371e-06,18342942980412.12
1.1086355758440074e-05,4.06384506413564e-06,1.6077049978682555e-06,1.198403607659097e-06,18483037743748.7
1.0245897959429735e-05,3.623433617778383e-06,1.3824338972209963e-06,1.018289088192491e-06,18624202484936.37
9.486678613079152e-06,3.2325164014184513e-06,1.1879859246906057e-06,8.642915760874133e-07,18766445375962.414
8.80049345981344e-06,2.885051706285391e-06,1.020318863635969e-06,7.329089523835766e-07,18909774651227.586
8.178985117998745e-06,2.5771043440946237e-06,8.759994172994749e-07,6.209600150255108e-07,19054198608023.434
7.616376733641967e-06,2.3041141013396093e-06,7.51784475772458e-07,5.255856571267269e-07,19199725607011.996
7.106064190459001e-06,2.062273350508233e-06,6.448171020808574e-07,4.443638995418974e-07,19346364072710.434
6.644093541637669e-06,1.847866852711918e-06,5.528091731917801e-07,3.753526629672921e-07,19494122493978.16
6.226444033499573e-06,1.6578119427355862e-06,4.737651282388882e-07,3.1674353115858983e-07,19643009424508.504
5.849800218107718e-06,1.4888296493682877e-06,4.059547576929662e-07,2.6712246243191344e-07,19793033483324.03
5.509670734987295e-06,1.3389136384358534e-06,3.47815365172109e-07,2.251213445046576e-07,19944203355275.348
5.202904990932093e-06,1.2058043710867474e-06,2.979551959785896e-07,1.896136589610194e-07,20096527791543.703
4.9257966612851875e-06,1.0877188381592474e-06,2.5533019637780006e-07,1.595960477128801e-07,20250015610147.742
4.67766935095052e-06,9.827874858497995e-07,2.1862610974169271e-07,1.3417506160315684e-07,20404675696454.24
4.453705756426713e-06,8.895066888423523e-07,1.8720613808499837e-07,1.1273661665001398e-07,20560517003691.957
4.254753834641981e-06,8.061006921621647e-07,1.6034228936309802e-07,9.466307176677686e-08,20717548553470.215
4.075050846848126e-06,7.318336186977442e-07,1.3735005032782175e-07,7.94318651645631e-08,20875779436301.3
3.915592681367699e-06,6.657942446113808e-07,1.1764635576065762e-07,6.660519144591822e-08,21035218812126.56
3.7749193573460145e-06,6.070453415436893e-07,1.0077145780413527e-07,5.5813159467023e-08,21195875910846.484
3.6515114048855378e-06,5.547174200176004e-07,8.633774114726233e-08,4.6754970078862335e-08,21357760032855.195
3.544153084094717e-06,5.08050223290059e-07,7.400527107137466e-08,3.915533806236663e-08,21520880549579.117
3.4520564963150926e-06,4.6635885222597983e-07,6.347407876736078e-08,3.278107673328403e-08,21685246904018.86
3.374327554933291e-06,4.29109163588193e-07,5.447485407889246e-08,2.7433156080658036e-08,21850868611296.582
3.3105580767321156e-06,3.958412936476774e-07,4.677258777940839e-08,2.2949940439066018e-08,22017755259206.11
3.2602340154347866e-06,3.661546879601872e-07,4.0184683008191755e-08,1.9193833341451418e-08,22185916508768.684
3.2234059593972996e-06,3.396481072851674e-07,3.4550927830588527e-08,1.605081755909699e-08,22355362094791.61
3.1998785743767662e-06,3.159697323552343e-07,2.9731890489548974e-08,1.3421416034124418e-08,22526101826432.06
3.189394537974974e-06,2.9482565658950806e-07,2.5610242210368388e-08,1.1220965980014243e-08,22698145587765.117
3.192359452571434e-06,2.759692764402781e-07,2.2079285652330053e-08,9.379400448989013e-09,22871503338355.785
3.2088517986363222e-06,2.5914594085883633e-07,1.9051369234250484e-08,7.84179261091233e-09,23046185113835.344
3.2390393169629063e-06,2.4419312410283485e-07,1.645767433597142e-08,6.558179001248322e-09,23222201026482.496
3.2834584351938783e-06,2.3090985113515425e-07,1.4236431409470377e-08,5.487514578157722e-09,23399561265809.066
3.3427218840198993e-06,2.1913407509567427e-07,1.233460920279522e-08,4.5931864292639105e-09,23578276099149.176
3.4181396209500483e-06,2.0873336969619351e-07,1.0703924093048938e-08,3.8448930804901384e-09,23758355872254.406
3.5112993246542443e-06,1.995733019265933e-07,9.303686431880988e-09,3.2194479650575073e-09,23939811009891.926
3.6239207091763813e-06,1.9153692008500265e-07,8.099877277557786e-09,2.697204932912225e-09,24122652016448.76
3.7577315168602077e-06,1.8456220870961648e-07,7.063477354406403e-09,2.2611388750001e-09,24306889476539.207
3.914827533120757e-06,1.7860167512279925e-07,6.171368986179336e-09,1.896845621248123e-09,24492534055617.855
4.0976317367762924e-06,1.7358622951951123e-07,5.402248823762338e-09,1.5924352015563747e-09,24679596500597.22
4.3091475001172276e-06,1.6945940439148202e-07,4.7386798661780455e-09,1.3378629276656827e-09,24868087640469.68
4.5530989598572505e-06,1.661720741319207e-07,4.1658681985026145e-09,1.125094238579473e-09,25058018386934.15
4.833835959830389e-06,1.636787165632857e-07,3.6707719011281924e-09,9.472768757774072e-10,25249399735027.96
5.1564959805869726e-06,1.6196722774772052e-07,3.2422148617820546e-09,7.985827392098565e-10,25442242763763.688
5.526968681038517e-06,1.610261221528471e-07,2.871368406045026e-09,6.739229123325149e-10,25636558636769.754
5.952315535129185e-06,1.6087340939775282e-07,2.550168906214616e-09,5.696492357458706e-10,25832358602937.55
6.440872554443808e-06,1.615205418269888e-07,2.2713434403842305e-09,4.821367042004943e-10,26029653997071.785
7.0021857226371155e-06,1.6296745328259598e-07,2.028546766541591e-09,4.0882612032927543e-10,26228456240547.484
7.648045913328605e-06,1.6525622735648854e-07,1.821442677884757e-09,3.4765252627199974e-10,26428776841970.445
8.392255703857712e-06,1.6842243375246903e-07,1.6360027345765185e-09,2.958772155575509e-10,26630627397843.78
9.252098151440548e-06,1.7256037985713422e-07,1.4755015826726343e-09,2.5252475878274534e-10,26834019593239.555
1.0245298501004026e-05,1.7775418141413051e-07,1.338712618486997e-09,2.1571608279348456e-10,27038965202474.473
1.1395645162251188e-05,1.841137777223012e-07,1.2167815849394325e-09,1.844298796205348e-10,27245476089792.375
1.2732015906275127e-05,1.917354112344736e-07,1.1117934516215418e-09,1.5796642009671833e-10,27453564210050.164
1.4286278268148634e-05,2.009902021226472e-07,1.0169860207764063e-09,1.355851071912397e-10,27663241609410.76
1.6099249103981474e-05,2.1164451390781192e-07,9.336872967066708e-10,1.1664870212872884e-10,27874520426039.664
1.821754838985292e-05,2.244139360470127e-07,8.60563768028932e-10,1.0062535149854565e-10,28087412890807.977
2.0698789030792774e-05,2.3889024499952363e-07,7.966136950450114e-10,8.704391309150835e-11,28301931328000.65
2.360877621985133e-05,2.5578355264079265e-07,7.408546852065992e-10,7.548506385258899e-11,28518088156029.74
2.7032170853425976e-05,2.7586914074596794e-07,6.921952107351596e-10,6.563097829479947e-11,28735895888153.04
3.12066003246933e-05,2.992434761925522e-07,6.497242931380403e-10,5.723869624037597e-11,28955367133198.73
3.610174443063877e-05,3.26273720468554e-07,6.126033762477698e-10,5.008069494639803e-11,29176514596295.63
4.181599329392056e-05,3.571561246854066e-07,5.80299519473102e-10,4.395615081814441e-11,29399351079607.87
4.855423646431161e-05,3.9313639280937775e-07,5.524319945909868e-10,3.8701631170370647e-11,29623889483076.977
5.652997979197022e-05,4.351261214522764e-07,5.285625511923134e-10,3.418553775248755e-11,29850142805167.668
6.600800326212325e-05,4.842292717161664e-07,5.083252261173206e-10,3.0297862337437825e-11,30078124143621.3
7.728703256629727e-05,5.417876582428861e-07,4.914872373876163e-10,2.6958213488887535e-11,30307846696213.246
9.072733164790032e-05,6.095168277660337e-07,4.778775503705531e-10,2.408542722940777e-11,30539323761517.277
0.00010676590112627404,6.89437037394943e-07,4.672848887935544e-10,2.1604578149176748e-11,30772568739675.652
0.0001259242074281322,7.839948395102886e-07,4.5952527392066445e-10,1.945619330577242e-11,31007595133174.617
0.00014882559539077919,8.961959005412039e-07,4.544874862047188e-10,1.7588582376197652e-11,31244416547625.797
0.00017621407111945926,1.0298086381992487e-06,4.5208296559911154e-10,1.5962947362744394e-11,31483046692554.062
0.00020898594307289315,1.1893147845014177e-06,4.523003252150618e-10,1.4558232630017347e-11,31723499382191.586
0.0002482235763442579,1.3803540607278145e-06,4.552658662054796e-10,1.3342942765424786e-11,31965788536276.6
0.000295200169219503,1.609918179250275e-06,4.610817424512152e-10,1.2290137358748227e-11,32209928180860.297
0.00035144213836371945,1.886419313368059e-06,4.700069940994863e-10,1.1376369505493163e-11,32455932449117.688
0.0004187778598551493,2.2204370254361245e-06,4.823214086461354e-10,1.0583590339431737e-11,32703815582166.87
0.0004992568064874732,2.625078198459923e-06,4.983541192486614e-10,9.895689715693751e-12,32953591929892.496
0.0005954442107879217,3.1165003348166235e-06,5.183162327280391e-10,9.303014721929978e-12,33205275951776.87
0.0007102468389317074,3.7148581256043286e-06,5.426100200261356e-10,8.795990975420605e-12,33458882217737.3
0.0008474008710664451,4.4450688542428925e-06,5.718101022722395e-10,8.363944147477656e-12,33714425408969.258
0.0010108535461758026,5.338389981931107e-06,6.066259348216122e-10,8.00064222568366e-12,33971920318795.996
0.0012052855566154846,6.434093493791201e-06,6.479572069283654e-10,7.699626160131071e-12,34231381853525.21
0.0014366904761782635,7.781473921284532e-06,6.969778435857559e-10,7.457384967750052e-12,34492825033312.38
0.0017111018317384709,9.435046596335506e-06,7.550955991778628e-10,7.2689737480817924e-12,34756264993029.285
0.002036593560688529,1.1447616710407852e-05,8.239140174517755e-10,7.13084997138001e-12,35021716983141.31
0.0024204848662273807,1.3956170274744225e-05,9.054518722101681e-10,7.040441501095675e-12,35289196370589.14
0.002874921158856429,1.7063537359516875e-05,1.001965814689245e-09,6.995758472224656e-12,35558718639679.49
0.0034096303929150224,2.0923927814027734e-05,1.116489182520934e-09,6.9977266326939e-12,35830299392980.51
0.004037338356274054,2.5711290971942228e-05,1.2530147625071422e-09,7.047009849949569e-12,36103954352225.375
0.0047721598300853475,3.1654161126368194e-05,1.416082553648882e-09,7.146855536183071e-12,36379699359222.94
0.005629533157649095,3.9037493754846084e-05,1.6116603028330449e-09,7.300713983630894e-12,36657550376773.71
0.0066274388088992655,4.821555376521454e-05,1.8467008214833784e-09,7.51412997621305e-12,36937523489595.19
0.007785523908678248,5.96257832918323e-05,2.130988980398571e-09,7.791403701051969e-12,37219634905251.73
0.00912501597581839,7.381072256355676e-05,2.476687442041421e-09,8.138566970669627e-12,37503900955094.07
0.010668764748642125,9.144028329899065e-05,2.89802758460319e-09,8.564916836442557e-12,37790338095203.65
0.012441679864868537,0.00011333622631874294,3.41484651635033e-09,9.080470237024835e-12,38078962907345.7
0.014470210739629544,0.0001405052098112472,4.0521517337746844e-09,9.698193167533074e-12,38369792099929.51
0.016783142022776372,0.00017418563043238526,4.839694228597115e-09,1.0436328505395707e-11,38662842508975.3
0.019410704197720386,0.00021588514868345145,5.819600601102062e-09,1.1319695885381591e-11,38958131099088.58
0.022383722218032795,0.00026744371947935193,7.043933541267208e-09,1.2374966209182683e-11,39255674964442.55
0.02573393939424234,0.00033110010697730307,8.576654023200408e-09,1.3639713616996297e-11,39555491329768.11
0.02949348414990119,0.0004095561959939702,1.0509462569370132e-08,1.5156250969950435e-11,39857597551349.914
0.03369513385710502,0.0005060790803140349,1.2953451596505156e-08,1.6977574297320734e-11,40162011118032.414
0.03837277252776417,0.0006245526137588068,1.6056106408802534e-08,1.9171570899638324e-11,40468749652230.94
0.04355878546911317,0.0007696012940067078,2.0016427902934074e-08,2.1819504728625936e-11,40777830910953.2
0.049282908785836424,0.0009467286182575232,2.5083566770189667e-08,2.502649925088709e-11,41089272786826.086
0.05557384494943811,0.0011624015957697735,3.160072575875521e-08,2.8925364127083502e-11,41403093309131.94
0.06245782591778669,0.0014242150232636893,4.003314064922749e-08,3.37028256749974e-11,41719310644852.59
0.06995870408144314,0.0017410119596874992,5.0952402525323416e-08,3.9582568906130055e-11,42037943099720.78
0.07809683007444514,0.0021230627313100956,6.516487924957075e-08,4.686007187419457e-11,42359009119279.41
0.0868875884563646,0.0025823147870961487,8.373235369672327e-08,5.592366818751199e-11,42682527289949.8
0.09634362696923371,0.0031323250909568124,1.0804251045969326e-07,6.72702071880456e-11,43008516340108.1
0.10646884947227436,0.003788494787851501,1.399367609798771e-07,8.154165306784055e-11,43336995141168.31
0.11726591053335843,0.004568209607614101,1.8191829294725492e-07,9.960845687633565e-11,43667982708676.086
0.12873489190492526,0.0054908045537881926,2.3730891638968437e-07,1.2257197417227503e-10,44001498203408.16
0.1408663713837552,0.006578006623333963,3.105155114102249e-07,1.5188547759265916e-10,44337560932482.99
0.1536448711825179,0.007853881277796345,4.0751387655194446e-07,1.8953054688260146e-10,44676190350477.164
0.1670436590518755,0.00934475622204403,5.361563025459495e-07,2.3821299328188564e-10,45017406060552.164
0.1810377754280794,0.011079027717028444,7.070827652378975e-07,3.014293833831501e-10,45361227815589.75
0.19559934510970015,0.013087423476689656,9.344309863801059e-07,3.8423706456306615e-10,45707675519334.15
0.21068802169504774,0.015402142368292002,1.2372649613513728e-06,4.9302914243468e-10,46056769227545.76
0.22626078665782223,0.018057442789401176,1.6408207118926532e-06,6.369426869346938e-10,46408529149160.69
0.24227478710089453,0.02108880079878405,2.1787829931189952e-06,8.280655148439541e-10,46762975647462.14
0.2586838712332548,0.024533098966972065,2.895984015831351e-06,1.0830872480517427e-09,47120129241257.92
0.2754377917184155,0.028427471004153285,3.851902579281114e-06,1.4245416803475457e-09,47480010606068.83
0.2924747961457446,0.03280874685649283,5.125539078776398e-06,1.8844147243318068e-09,47842640575325.945
0.30974004698264646,0.03771733794824462,6.8200505210655075e-06,2.505728464694701e-09,48208040141576.28
0.32718370555901755,0.0431870313104498,9.073549315027733e-06,3.3488118132812503e-09,48576230457697.66
0.34474529193591763,0.04925488531660186,1.2065019753048661e-05,4.498422289140824e-09,48947232838123.61
0.36236311800255044,0.05595052819618086,1.6030933229576564e-05,6.068824442055076e-09,49321068760077.9
0.3799894586726631,0.06330476830183637,2.128206781316842e-05,8.223555460243705e-09,49697759864816.38
0.39757838095039094,0.07133600756293693,2.821892167830647e-05,1.1189355460899681e-08,50077327958881.46
0.41507758284336765,0.08007074797168479,3.736051138467176e-05,1.5282513292873194e-08,50459795015362.836
0.43242745166056396,0.08952310093404263,4.93694516447228e-05,2.0942820029753448e-08,50845183175171.125
0.4495938709386309,0.09970444144408197,6.511980395541717e-05,2.8792274419199274e-08,51233514748318.2
0.46654098765186053,0.11061643423349365,8.568963538645921e-05,3.9694179408916675e-08,51624812215209.28
0.4832286161064623,0.12226576727167934,0.00011244622921505827,5.486012942470114e-08,52019098227944.766
0.4996202191173023,0.13464067227139054,0.0001471443764755072,7.59914887341304e-08,52416395611631.14
0.515681828630058,0.1477265135243817,0.00019196630120168378,1.054746191255563e-07,52816727365701.875
0.531393503346507,0.16149916988688884,0.00024964498467314086,1.4665023407343281e-07,53220116665249.29
0.5467359459024834,0.17593492875793346,0.0003235728307188042,2.0418100549243252e-07,53626586862366.79
0.5616812443480844,0.19099793150739514,0.0004179118599282192,2.84563141331017e-07,54036161487499.2
0.5762151560433654,0.20664908993513043,0.0005377515816800667,3.9685186502332316e-07,54448864250806.72
0.5903260067159243,0.22284216400207527,0.0006892481117901627,5.536218883947846e-07,54864719043535.66
0.6040123753571902,0.23952929164842662,0.0008798051224184365,7.723000239052194e-07,55283749939403.34
0.617284459453062,0.25665558400487265,0.0011182742809684057,1.0769932018681817e-06,55705981195990.13
0.6301097302567904,0.27416332174778724,0.0014151683018343172,1.499116614276111e-06,56131437256144.36
0.6425252675758385,0.29198936528196123,0.0017828567825250482,2.0820212823766595e-06,56560142749397.8
0.6544931817054639,0.31007001478831947,0.0022357329419353126,2.8876834404464244e-06,56992122493390.98
0.6660549798110252,0.3283435140203263,0.002790516959598277,4.008827412724737e-06,57427401495309.43
0.6771832518940486,0.346750797243279,0.0034663294383111254,5.549237497884636e-06,57866004953331.78
0.6879247104013513,0.3652281877931181,0.004285001945451168,7.670548084742868e-06,58307958258089.21
0.6982678336718575,0.3837224770971109,0.005270905988075104,1.0578930090855629e-05,58753286994133.62
0.7082066745920577,0.4021657690863498,0.006450817142510291,1.4548979696735994e-05,59202016941420.64
0.7177809597427406,0.4205067910322313,0.007848750541757153,1.995767286730225e-05,59654174076800.1
0.7269922342922621,0.43869589241380547,0.00950786552025432,2.7294422866237804e-05,60109784575521.74
0.7358425914141097,0.4566828249908624,0.011454090306375512,3.72010929736528e-05,60568874812748.836
0.7443627968881591,0.47441086905468993,0.01373600145834838,5.052502551160337e-05,61031471365085.695
0.752552522288572,0.491840679119515,0.016387936719961953,6.83626067210254e-05,61497601012116.99
0.760424150905824,0.5089439661561974,0.019451243919755244,9.21332248128884e-05,61967290737956.266
0.7680061822020535,0.5256830105530325,0.022967856772429594,0.00012364038047628633,62440567732810.0
0.7753108348972215,0.5420420159958458,0.02693736007871211,0.00016518863645592814,62917459394549.67
0.7823396981097595,0.5580039893575506,0.031486054180166805,0.0002196816006343477,63397993330299.83
0.7891279450103091,0.5735022802541183,0.03662256163742684,0.0002907640068467211,63882197358034.46
0.7956429424693073,0.5885455554225145,0.042424574729985086,0.00038296616101426235,64370099508188.14
0.8019329032105008,0.6031284487462666,0.048860131694397534,0.0005018396967197784,64861728025279.25
0.8079888512876892,0.6172411776193065,0.05594073981277784,0.0006541770905852129,65357111369544.48
0.813842491730052,0.6308784112555957,0.06373056009907,0.0008482795491610109,65856278218585.89
0.8194956455271473,0.6440429023882455,0.0724219976000124,0.0010940668783588608,66359257469031.57
0.8249568239358132,0.6567265339885812,0.08174183153265473,0.0014033335553149356,66866078238209.26
0.8302336178863234,0.6689349809780601,0.09193827630758566,0.0017901133024398183,67376769865830.05
0.8353303659304363,0.6806816094815228,0.10305796973149546,0.0022705591381313598,67891361915689.016
0.8402746423036137,0.6919702821736308,0.11488388980316312,0.0028634159424382813,68409884177374.51
0.8450554115360529,0.7028106985885142,0.12750957602954424,0.003590182539951979,68932366667994.805
0.8496852135691602,0.713206345842741,0.1409226303694631,0.0044754019877476766,69458839633913.93
0.8541683454855367,0.7231666528486745,0.15491804755496527,0.005546112908391823,69989333552503.35
0.8585173993174525,0.7327230762718989,0.1698370397947716,0.006833289815056713,70523879133906.95
0.8627355704442483,0.7418931245445831,0.18568410121747247,0.008370653460561825,71062507322818.22
0.8668256610363145,0.7506709346770969,0.2022166013422078,0.010194684884275627,71605249300271.08
0.8707989351428393,0.7590994570142078,0.21914876688738122,0.012375335223546143,72152136485445.52
0.8746583340739296,0.7671608553402655,0.23663194431976334,0.014930544516623923,72703200537487.28
0.8784076557416899,0.7749012048653104,0.2546070356943728,0.017921373061415048,73258473357338.6
0.8820485270128525,0.7823117418839274,0.27301123795092325,0.021349118453014633,73817987089587.3
0.8855857717278046,0.7894299841027436,0.29179233882837274,0.025302298055948604,74381774124325.17
0.8890208155076542,0.7962447221066603,0.31086625485611974,0.02977881598931931,74949867099025.58
0.892360666399076,0.8027957181306401,0.33056045783105026,0.03494545439422297,75522298900430.53
0.8956022210015856,0.8090798680443753,0.35003770571005155,0.040630354421649036,76099102666455.58
0.8987483905203417,0.8151270978084107,0.36997306398657603,0.04705001622680004,76680311788108.62
0.9018024062667502,0.8209452040729533,0.3895639118150372,0.054197079488857935,77265959911422.4
0.9047669479138468,0.826529771530919,0.4094848533236541,0.06210674375445184,77856080939401.58
0.9076452646003049,0.8319130485949722,0.42924408145426324,0.07080628326389977,78450709033986.0
0.9104354118091184,0.8371030406488841,0.44888650554736337,0.08031661888384435,79049878618029.27
0.9131405262763458,0.8421039955044167,0.46799887345838365,0.09053154026409888,79653624377289.27
0.915762974513266,0.8469240863112241,0.4867758469966406,0.10169508446341587,80261981262438.69
0.918304775624708,0.8515695875997368,0.5052128581725751,0.11354770060831634,80874984491085.67
0.92076682329801,0.8560621239520584,0.5232669102377763,0.12637973862073942,81492669549815.19
0.9231536397976869,0.8604028621934088,0.5408874541696753,0.13983451845534436,82115072196241.05
0.925466069356464,0.8646021727588221,0.5580711904328953,0.15426318019248209,82742228461076.89
0.9277032324029733,0.8686634098906496,0.574771606119679,0.16922399336573757,83374174650222.98
0.9298702424663647,0.872604390895107,0.5909790897879666,0.18513654184172587,84010947346865.62
0.9319659592630566,0.8764113386504474,0.6066712364936511,0.20147185291166175,84652583413597.61
0.93399373494886,0.880103178580578,0.621832630897073,0.21868409601680808,85299119994549.52
0.935955036543725,0.8836826121179642,0.636458754178587,0.23648033870323307,85950594517542.69
0.9378515936678309,0.8871505119324592,0.6505388619363622,0.254583104402686,86607044696253.47
0.9396842777844036,0.8905195628784744,0.6640927282211518,0.2733484958674312,87268508532397.55
0.9414566183821363,0.8937845023195284,0.6771107896346847,0.29244729701585503,87935024317930.5
0.9431698491796717,0.8969545222072856,0.6895870123892278,0.3119389534589828,88606630637263.88
0.9448252916223773,0.9000284295708042,0.7015449651394026,0.33167431251774926,89283366369498.06
0.9464252192138246,0.9030107664885298,0.7129803986870864,0.3514545343926095,89965270690673.67
0.9479707689511184,0.9059063730885343,0.7239454804924335,0.371795540265988,90652383076040.64
0.9494645487269755,0.908717739181568,0.734399522622281,0.3922144225354566,91344743302340.72
0.9509071279463519,0.9114461197118169,0.744365704238693,0.4126454692895533,92042391450113.27
0.9523009194055314,0.9140921243411747,0.7538923159979398,0.43245240974953714,92745367906012.36
0.9536483713170588,0.9166600025020795,0.7629698947083721,0.4526496096588308,93453713365147.88
0.9549508770867381,0.9191493173946353,0.7716431529939852,0.4726376606776125,94167468833438.62
0.956209744729643,0.9215636863601931,0.779908652269026,0.49173599845940597,94886675629987.34
0.957427110135168,0.9239039033742487,0.7877799350592644,0.5111024362451215,95611375389473.36
0.9586045438815676,0.926171716226822,0.7953004944385436,0.5300585172157934,96341610064562.12
0.9597439179887015,0.9283669084284158,0.8024725224292822,0.5479855208793232,97077421928332.98
0.9608468533433684,0.9304959963373804,0.8093043431367645,0.5660346770221929,97818853576727.17
0.9619150262122818,0.9325556800815711,0.8158293895468338,0.5840002204785096,98565947931014.86
0.9629501001465659,0.934551863182158,0.8220541294733136,0.600842915366962,99318748240277.08
0.9639535263527373,0.9364825652429493,0.8280020474673749,0.61727841596548,100077298083912.6
0.9649267846219745,0.9383519709272989,0.8337002934436712,0.6326497340275914,100841641374157.45
0.9658717243910943,0.9401625380032754,0.8391466922867518,0.6474661851811081,101611822358630.39
0.9667896161024556,0.9419149181946131,0.844347097865786,0.6617152771005798,102387885622891.31
0.9676816323337544,0.9436101832195564,0.8493313193623934,0.6753968527197517,103169876093023.69
0.9685491921425059,0.9452498788348339,0.8541052548424395,0.6885136642289726,103957839038236.48
0.9693934888709781,0.9468365371772697,0.8586923077863126,0.7010713279777697,104751820073481.94
0.9702156589752228,0.9483716455113738,0.8630890670938477,0.7130842342329716,105551865162099.47
0.9710170074222559,0.9498563735852006,0.8673202173836465,0.7245591660183488,106358020618473.16
0.9717985530152403,0.9512923851654025,0.871389561424703,0.7355090132647764,107170333110716.27
0.9725610003657945,0.9526821858479642,0.875308006166673,0.7459486483634723,107988849663369.83
0.9733055482235793,0.954027565522197,0.8790850483481277,0.7559004302656726,108813617660126.2
0.9740329337173762,0.9553288902417953,0.8827298062989266,0.7653782504001844,109644684846572.94
0.9747439076347866,0.9565880436619321,0.8862512811364921,0.7743873672815477,110482099332955.92
0.9754393416882083,0.9578071302875971,0.8896514937606181,0.7829611887606583,111325909596963.56
0.9761197394149244,0.9589869263544535,0.8929416924801942,0.7911156948172187,112176164486534.02
0.9767858477471996,0.9601290212926848,0.8961204127674319,0.7988702526106836,113032913222684.36
0.9774381426684714,0.9612352869052462,0.8992027874050773,0.8062593816867479,113896205402356.8
0.9780772556960204,0.9623071532666649,0.9021913008402058,0.8132791908696497,114766091001293.5
0.9787035378785648,0.9633462850558177,0.9050866386659076,0.8199725908476279,115642620376925.9
0.979317414863637,0.9643539717816213,0.9078957453562608,0.8263304319746134,116525844271293.77
0.9799192759347689,0.9653315833615308,0.9106213550269253,0.8324008413006347,117415813813979.16
0.9805093903521558,0.9662803755188556,0.9132677184390825,0.8381707118299067,118312580525067.89
0.9810880769213048,0.9672017005837193,0.9158354709946779,0.8436840215234942,119216196318132.83
0.9816555337699812,0.9680968333645931,0.9183281512485276,0.8489434249066434,120126713503238.34
0.9822119701566435,0.9689671274829678,0.9207479437410735,0.853958328905224,121044184789967.42
0.9827575723675397,0.9698137597958664,0.9230981317785595,0.8587538207027132,121968663290474.06
0.9832924568392789,0.9706378166120772,0.925380846021819,0.86333676624307,122900202522559.38
0.9838167448848789,0.971440343597372,0.9275966351660005,0.8677387920787959,123838856412766.22
0.9843305136743634,0.972222441379673,0.9297472793217734,0.8719515609201607,124784679299505.03
0.9848338709069457,0.9729849804157993,0.9318315729344213,0.8760049395591663,125737725936195.42
0.9853269109171376,0.9737288595916177,0.933854119947228,0.8798794354159909,126698051494439.89
0.9858097097475547,0.9744548685638778,0.9358155950154486,0.8835990000452043,127665711567214.11
0.9862823589339882,0.9751637015438258,0.9377171120819311,0.8871848424022849,128640762172086.73
0.9867448980639951,0.9758562482587626,0.9395627816801184,0.8906303997462818,129623259754463.28
0.9871973799575611,0.9765330989145419,0.9413525667689259,0.8939528858594772,130613261190852.69
0.9876398298501012,0.9771949017970266,0.943088134407267,0.8971597122385804,131610823792158.89
0.9880722683219533,0.9778422419985849,0.944768322864235,0.9002513397623818,132616005306999.44
0.9884947285684712,0.9784756487162881,0.9463974285665869,0.9032378754038799,133628863925050.31
0.9889072596862268,0.979095643316953,0.9479762189889737,0.9061312728983364,134649458280410.67
0.9893098916808907,0.9797026852214693,0.9495060904408156,0.90892693359554,135677847455001.5
0.989702684456653,0.9802970789002635,0.9509880931816223,0.911637807588854,136714090981981.44
0.9900857357127784,0.9808792521312851,0.9524242326444188,0.9142655715763073,137758248849197.67
0.9904590877055157,0.9814495034885444,0.9538155527065207,0.9168121264247123,138810381502654.58
0.9908228126170122,0.9820081170591608,0.9551639064506376,0.9192840967774726,139870549850014.66
0.9911769683488509,0.9825552683033223,0.9564703646561732,0.9216829318377042,140938815264126.22
0.9915215988313338,0.9830912061522282,0.9577364368852939,0.9240118562112414,142015239586572.16
0.9918567589952175,0.9836161044852134,0.9589628818607298,0.9262736287130452,143099885131254.62
0.9921825278590872,0.9841301371327424,0.9601509850666806,0.928469609223288,144192814687997.6
0.9924989870466414,0.9846334543177931,0.9613021621090498,0.9306029596114934,145294091526186.62
0.9928062685071446,0.9851261692697141,0.9624181936264634,0.9326746357740403,146403779398427.22
0.9931044889487128,0.9856083518019575,0.9635002230955753,0.9346865876760458,147521942544237.28
0.9933937584366149,0.9860801179950863,0.9645496644438217,0.9366400977703624,148648645693767.06
0.9936742473324837,0.9865415289595574,0.9655675961036926,0.9385386845396807,149783954071545.34
0.9939460973351892,0.9869926694638002,0.9665545887511452,0.9403807270549426,150927933400253.84
0.9942093780021036,0.987433579615128,0.967512523007477,0.9421694603406328,152080649904533.16
0.994464180054587,0.9878643230595409,0.9684424557628446,0.9439031631804874,153242170314818.47
0.9947106187461842,0.988285008143003,0.9693452658448992,0.9455866898856352,154412561871198.06
0.9949488794595255,0.9886957222642584,0.9702222671369667,0.9472196823038065,155591892327310.84
0.9951791592989361,0.9890965463647272,0.9710741183572504,0.9488051518858551,156780229954263.62
0.9954016180511107,0.9894875466261219,0.9719022130216123,0.9503436687446228,157977643544588.3
0.9956163563395823,0.9898688081099096,0.9727073531911274,0.9518349399868276,159184202416219.94
0.995823507373234,0.9902404061390494,0.9734907714200878,0.9532809083091991,160399976416511.22
0.9960232817819854,0.9906024041499979,0.9742530661050356,0.9546839958510441,161625035926277.3
0.9962158593500466,0.9909548601565243,0.974995102064064,0.9560434857701464,162859451863869.1
0.9964013561074778,0.9912978837759475,0.9757176517940024,0.9573607669083081,164103295689276.9
0.9965799281374063,0.9916315908465639,0.97642143283341,0.9586373692255782,165356639408268.97
0.9967517360672103,0.9919561221731718,0.9771072196794203,0.9598753042634214,166619555576561.66
0.9969169108794008,0.9922715582652691,0.9777757611802003,0.9610755198011456,167892117304015.0
0.9970756223342957,0.9925779975192628,0.978427532633938,0.9622391169837685,169174398258870.5
0.9972280812431288,0.9928756010184533,0.9790631716329361,0.9633668593867625,170466472672010.22
0.9973744541209015,0.9931644596258142,0.9796832320999306,0.9644601948551031,171768415341259.6
0.997514907490796,0.9934447205784769,0.980288235311584,0.9655200210432604,173080301635712.44
0.9976495471259024,0.9937165079668878,0.9808786446899728,0.9665470014875254,174402207500096.28
0.9977784988513088,0.993979974850546,0.9814548378947359,0.9675427837831099,175734209459170.88
0.9979019337577648,0.9942352320697327,0.9820173844197586,0.9685084861221318,177076384622153.2
0.9980200803675657,0.9944824138218357,0.9825665545517562,0.9694451826349284,178428810687186.94
0.9981330663174413,0.9947216899815327,0.983102772879592,0.9703535122708985,179791565945834.8
0.9982409998230515,0.9949532340676621,0.9836263719022535,0.9712346288418839,181164729287616.53
0.9983440566537131,0.9951771990102941,0.9841376536112042,0.9720897917421677,182548380204570.62
0.9984423995125378,0.9953937122987856,0.9846368791876484,0.9729198737764736,183942598795858.34
0.9985361358839528,0.9956028935479441,0.9851243668186004,0.9737256071638599,185347465772402.12
0.998625425866033,0.9958048978670007,0.9856003339588771,0.9745079452999887,186763062461556.5
0.998710414034886,0.9959999389992494,0.9860649682492194,0.9752680050235571,188189470811814.5
0.998791257324239,0.9961881801521913,0.9865185144483499,0.9760065809746661,189626773397553.16
0.9988680925058844,0.9963697764706368,0.9869611462104542,0.9767240965840305,191075053423815.97
0.9989410143160842,0.9965448250305468,0.9873930093225314,0.9774217091157901,192534394731124.4
0.9990101857588667,0.9967134533725837,0.9878143019586598,0.9781002225465799,194004881800337.47
0.9990757469900654,0.9968758445596779,0.988225184600785,0.9787601959336809,195486599757535.94
0.9991378112092987,0.9970322004826925,0.9886257982402278,0.9794021218681128,196979634378956.78
0.9991965170753969,0.9971826262395449,0.9890163342939944,0.9800268188628269,198484072095953.16
0.9992520002638177,0.9973272319126661,0.9893969213541247,0.980634802301249,200000000000000.03
